user_id,nome,idade,sexo,localizacao,data_de_registro
ada7a388-0aa6-4574-9606-525c5935e7b7,Zoe Macedo,59,Feminino,Cunha das Flores,2022-04-03
9cf069db-07a9-4914-8b26-7c31a1abd299,Eloá Guerra,51,Feminino,Aragão de Fogaça,2022-03-26
c851bcca-7a12-42ba-a316-b3416a131ff5,Lavínia Ramos,63,Masculino,Silva de Peixoto,2022-07-30
8b72ad30-0797-49d7-8781-95fff6d8f153,Sra. Letícia Monteiro,70,Feminino,Albuquerque,2022-01-30
6ea3dd0c-9707-4a86-80d3-8af341dd327d,Ana Luiza da Mota,18,Feminino,Sales do Galho,2021-02-26
6ed81421-b4cd-4f0f-b48f-23e999cc6435,Gabriela Mendonça,67,Feminino,Fonseca,2022-07-02
58798594-9f5b-4448-9fe7-ad9b6a971cc4,Sophie Gomes,25,Feminino,Moura,2020-01-25
f64f2466-bb80-4a37-8dae-56816f8570dc,Marcelo Moura,48,Masculino,Caldeira,2022-07-16
2ed6a889-ab02-4702-8f5f-4a0c7caa2565,Vinicius Gonçalves,32,Feminino,Carvalho,2022-06-30
2ca28506-b021-432b-be23-f0c7994977e9,Sr. Joaquim Moraes,60,Masculino,Dias Alegre,2021-07-02
cb696933-a68d-4786-8c59-41d7a3317730,Ana Liz da Paz,45,Masculino,Aragão de Sousa,2024-01-30
449f36e0-387d-45b6-94fb-e903ccd3daad,Manuela Andrade,28,Masculino,da Rosa de Nogueira,2024-04-27
e811ff59-7278-453e-b752-1aace95439c2,Maria Fernanda da Costa,25,Masculino,Costa,2021-09-16
de7c9136-a8c0-4bb6-bb25-ca392641abb0,Noah Sales,18,Masculino,Aragão de da Mota,2022-12-26
79ed1ec2-5803-46f3-bbb1-6dc6183f4521,Agatha Sales,54,Masculino,da Rosa da Praia,2021-11-04
3c8aad99-c5fe-48d0-becc-abe79a8e33b2,Enrico Barbosa,30,Feminino,Moura Verde,2023-03-08
d9859e6a-7ac1-40e0-aafc-a9d5063000e5,Sara Jesus,22,Masculino,Pastor,2024-03-07
dade3c9e-9200-4f21-9211-72297df09b70,Manuella Fonseca,69,Masculino,Cavalcante,2021-12-30
efe32b23-0bcc-43db-b405-a21cdd33633e,Luiz Felipe Lopes,34,Masculino,Leão do Norte,2022-10-19
4b423cb4-0304-4a02-be58-a26907f6f976,Manuella Costa,70,Feminino,Sousa,2020-08-12
48c2d91b-9022-4172-8f38-82e72d633fe9,Jade Castro,50,Feminino,Alves,2022-03-14
cc909947-8415-4c17-a9d8-e510a84059e6,Leandro Pinto,60,Masculino,Guerra de Barbosa,2024-03-02
f288510f-f183-4978-a25f-c5d0250e690f,Catarina da Conceição,22,Feminino,da Cruz,2024-04-22
db946466-0077-4417-b4e0-f31c0ebd2d01,Josué Novais,46,Feminino,Fogaça de Cavalcanti,2022-12-15
60cd3a04-1628-4cb2-abb3-9f01439f04a7,Diogo Mendonça,57,Masculino,Fernandes,2021-11-06
74ef90ca-b613-4bcf-8fde-2848282cc62f,Melina Cirino,56,Feminino,Costela de da Rosa,2023-10-23
5cd306c9-f3b5-479f-8102-17cd92e40980,Ana Laura Nascimento,58,Masculino,Nascimento,2024-02-08
e618d544-53fb-456f-8ca1-80cc0e265c89,Dra. Manuela da Cunha,33,Feminino,Aparecida das Pedras,2021-12-11
6185e2f5-5a44-4887-9e50-e1bcde72b45b,Maysa da Mata,34,Feminino,Pimenta,2021-02-07
041074b0-249a-4dfb-86c8-4fa919869a73,Gustavo Leão,26,Feminino,Cavalcanti,2022-08-02
2b1ff7e9-4b1f-49b4-ac83-5576fc60be8b,Marcos Vinicius Pastor,36,Feminino,Lopes Alegre,2021-08-09
50982b6d-40af-41a9-b2e2-462ab1d1f161,Rael Pacheco,55,Masculino,Pinto,2022-02-06
5318db0e-e441-4372-b012-1724a26dd38d,Sra. Melissa Cavalcanti,25,Feminino,Farias,2021-06-22
f4fbc2c0-0d21-4f15-8153-698d90c37c01,Daniel Duarte,33,Masculino,da Cunha,2020-08-25
86415c61-42a1-4e84-8c67-4aeb4bca1d01,Sra. Luna Souza,69,Masculino,Fernandes Paulista,2024-04-18
62562ef3-506f-438d-9e60-25c5ed846eb3,Maria Luísa Duarte,44,Feminino,Leão de Oliveira,2020-01-13
71f4d51b-d194-4aea-9167-3bebf79a4a56,Letícia da Mota,48,Masculino,Duarte,2020-05-15
c5c889fe-7685-421c-bd79-0138f9d7c1b8,Cauê Pinto,27,Masculino,Almeida Grande,2021-04-26
107d7689-fe5d-4392-8db8-c1412f70a5d5,Enrico Silva,53,Masculino,Almeida,2020-12-27
ed70e557-59d0-4f13-8a25-743d161efda2,Maria Vitória Pimenta,47,Masculino,da Cruz,2021-04-10
3bb812df-1ffd-47aa-b0e0-978ce2b4c326,Apollo Cavalcante,68,Masculino,Borges,2023-03-08
3decc450-b433-4d3b-8503-ec5f9a7d81b2,Diego Marques,70,Masculino,Casa Grande do Norte,2021-01-22
a8d4929c-4a30-4b25-ac83-dd3edb62f02e,Isaac Borges,44,Feminino,Barbosa,2023-08-02
bb36a50d-534e-45ff-a120-03c7de3cbc82,Maria Fernanda Macedo,28,Feminino,da Mota,2020-09-21
44b42b80-bf9c-4b38-af51-c25da4857b44,Sra. Caroline Caldeira,37,Masculino,Caldeira da Praia,2022-03-12
df49a812-71cc-4340-bc5e-d9363bda6112,Alícia Rezende,50,Masculino,Teixeira,2021-01-23
b8a97b6f-0bc0-4760-9d89-821c22ee2264,Isabella Vasconcelos,49,Feminino,Souza,2023-05-06
9cae9c68-cf79-4b78-8c77-a17853e161eb,Felipe Machado,54,Feminino,Castro de Minas,2023-01-03
c399684e-dde9-4e3f-aa2b-087fbb12645f,Maitê Azevedo,58,Feminino,Pinto,2023-05-04
49a40812-f3bc-4307-8d2d-f0075eba0cc5,Maria Helena Marques,65,Feminino,Jesus,2022-12-02
f7d87dc6-1562-4b4f-8a16-b5e2d223040f,Pedro Jesus,61,Masculino,Silveira do Amparo,2024-01-15
dc320e09-4856-409b-91e7-30306eae2a2d,Manuella Siqueira,55,Feminino,Ribeiro,2022-12-05
48603714-5b94-41b0-b32c-0fbaded9ed8e,Danilo Cardoso,18,Masculino,Rocha,2022-08-20
4e7b28ba-34eb-49ad-9542-93a8755d3316,Alexia Mendes,34,Masculino,Souza,2020-12-23
af5b3dfe-71e5-4615-8f42-aca52fede786,Daniela Novais,51,Masculino,Monteiro de Gomes,2022-02-16
f6d4cf11-a8e1-44bb-b7a5-b601dfb474e7,Ana Cecília Silveira,25,Masculino,Pires,2021-03-20
ee2add71-fb05-42de-bdbc-fb855078d629,Dra. Liz da Paz,26,Masculino,Montenegro,2023-02-28
e8537649-9994-4d64-91d1-e12d94bf2593,Marcelo Novais,39,Feminino,Ribeiro,2021-11-10
3cc6d882-2171-44ec-98cd-4fcc6c1a2534,Lorenzo Montenegro,65,Feminino,Azevedo,2023-09-06
2219add6-35ab-441f-9b9d-17d29934694d,Vicente Pires,67,Masculino,Sales,2020-05-18
b2d80621-2d99-45c6-9c20-96a7974e1483,Marina Teixeira,42,Feminino,Pires,2023-11-01
c079e72f-94ce-4fd4-8048-9554376bf992,Maria Luiza Ferreira,22,Masculino,da Rocha do Galho,2023-09-22
a9b8fdda-4fa6-4efe-ae25-798c18fa5654,Lavínia Pastor,40,Feminino,Monteiro do Oeste,2023-11-19
56b6f36e-ce98-475f-ae4e-516ac54e6b4b,Nicole Sá,46,Masculino,Almeida do Campo,2022-05-27
657cc495-8309-4b49-a850-a9289e74319e,Augusto Leão,59,Masculino,Silveira do Oeste,2021-02-05
68180e98-0e90-481a-af74-72b9f5fe62fc,José Pedro Novais,29,Masculino,Machado,2023-06-02
5a0ea211-5e9a-4092-aec6-ea784190def1,Isaque Nogueira,67,Feminino,Machado,2024-05-08
4b6266e7-850d-4dbc-a84f-fb4501b32ad1,Srta. Cecília Barbosa,23,Feminino,Novais,2021-01-10
a7c62aa2-6578-482e-a668-121a914401b2,Cecilia da Mata,42,Feminino,Martins do Sul,2020-05-08
90ffe036-ff28-4a6d-9157-9d5c3ee2c005,Erick Melo,21,Feminino,Sales,2021-10-31
32d26f75-c6e4-4546-a8ec-c96e64e75ac4,Brayan Lopes,23,Masculino,Pinto Alegre,2021-09-13
5582b558-c0fd-424c-b3bf-39b8974970c8,Nathan Aragão,70,Feminino,Mendes,2021-08-26
3dc5a81c-2543-4312-b4e1-e6b1561cdbf3,Isabelly Vieira,38,Feminino,Sousa,2021-12-04
efb1ed6d-eeb8-481d-bc3d-5ab6fc9679aa,Anna Liz Moraes,32,Masculino,Pereira de Fogaça,2021-11-13
582ec560-f5d0-4408-aa0e-59160f746a96,Pedro Almeida,43,Feminino,das Neves,2020-11-15
3d932dfa-6ed1-4fe0-bd8c-3ce074d38b10,Dra. Melina Cardoso,25,Masculino,Siqueira de Vieira,2021-12-17
932e5d85-fce9-4705-b939-b6943b00bc00,Benício Lopes,52,Feminino,Machado de Minas,2023-09-04
44ce9fba-3e85-4205-be84-6286d49b814c,Asafe Costa,50,Masculino,da Cunha,2020-02-01
930913fb-9b88-4585-9a6f-6bc7d8065cb6,Davi Lucca Machado,39,Feminino,Costela de Minas,2023-11-05
699f0185-3906-4db5-9b7e-89860281cf3d,Lorena da Cunha,19,Feminino,Castro do Norte,2020-11-14
589534c8-b38c-4791-8245-d7b319e916c0,Sofia Garcia,22,Feminino,Alves do Galho,2022-08-13
6a24d301-cded-43b4-a20c-77da21ff4c9b,Emanuel Cavalcante,60,Masculino,Pimenta do Norte,2023-03-01
f5d3f0db-14a1-4740-8254-def4dcf8910c,Diogo da Cunha,32,Feminino,da Luz,2023-08-08
09b6a16e-69f0-4387-9bb3-019233c58c1f,Antônio Pastor,54,Feminino,Mendes do Norte,2022-03-09
9a7eb116-4968-4db4-8717-008ac5f71f5e,Dr. Gael Almeida,67,Feminino,da Rocha de Dias,2023-08-12
0d91e487-53d3-42d5-b16d-047b7a884cb9,Thomas da Luz,22,Feminino,Garcia,2020-02-23
9c383bb2-b521-4a00-b546-5e5c330fdf98,Carlos Eduardo Sousa,52,Feminino,Santos de da Paz,2020-04-16
19eeb33d-28ba-44b9-82cc-cfedf7319021,Brenda Cassiano,47,Masculino,Vargas de Albuquerque,2023-09-21
5d7ea4e8-2569-4954-a695-6b3c7c4142e6,Isabella Melo,23,Masculino,Almeida,2023-01-30
bb8ca504-0ac0-45b2-b369-f6ee6fd04d1b,Heloisa Cassiano,18,Masculino,Oliveira,2021-02-23
b13aa8dc-f9ac-4a4a-ac2e-0d55cc586f10,Ana Lívia da Cunha,32,Masculino,Rios Grande,2020-12-07
383d19f4-97d2-4046-bbd6-d11ae10842d6,Dom da Costa,69,Masculino,Machado da Serra,2021-03-19
80001935-d16b-45a4-bdb5-803b510512d2,Lucca da Cruz,33,Feminino,Castro,2024-03-19
3cac1943-5ad9-41a8-bb4f-33fbd6f1a1b1,Isis da Paz,23,Feminino,da Mota,2020-09-01
825cf162-fdf7-4163-80e1-2feb58a73671,Jade Pastor,34,Feminino,Melo de Barbosa,2023-01-19
7209668c-9b83-45ac-9e80-db87e8edceae,Mariana Duarte,27,Masculino,Azevedo,2021-10-01
26eece27-05f4-4567-bf04-3290e43bf5ce,Matteo das Neves,39,Masculino,Nogueira Grande,2022-09-19
2b131669-be1e-42d4-a0f9-e1eba1f208eb,Maria Helena Pinto,28,Masculino,da Costa do Galho,2022-11-12
a149e48c-884a-4a5e-a6d8-b3b151bf2d91,Otávio Silva,22,Feminino,Campos Grande,2020-01-21
32db7ad3-d554-471a-9c35-1f3b441a6b9a,Alícia da Rosa,69,Masculino,Santos,2023-02-25
90c0dbd0-693e-4a51-91f8-99926f069215,Juliana Cassiano,37,Masculino,das Neves do Galho,2023-11-21
8db171c5-43ca-436d-aefb-9cf288c79241,Antônio Vargas,52,Feminino,Azevedo,2023-04-05
0523865a-f4ec-4cc3-9199-dce27f0e7403,Mathias Brito,27,Feminino,Guerra,2023-03-27
8535c417-e622-4fbf-8298-8ac46a8fb188,João Pedro Oliveira,60,Masculino,Machado das Flores,2023-10-04
156fdff4-4614-436d-b8ec-61041663efb6,Luísa Vargas,53,Feminino,Campos do Oeste,2023-07-05
058821b1-782d-48ce-bc9f-cf508a397e87,Larissa das Neves,20,Masculino,Rezende Alegre,2024-02-07
e58d04c4-e157-46e7-89c9-b2680a883fc5,Gabriel Vasconcelos,34,Feminino,Brito de Minas,2021-01-03
b520b05a-9ff5-4739-9b6a-9fa0a7a32a38,Rael das Neves,30,Feminino,da Cunha Grande,2022-10-14
37d84d3d-964a-4d96-8f10-fb14e11d12c7,Letícia Rios,68,Masculino,Porto,2022-08-27
1c610e06-43d7-4ca0-8908-c5d8d44e3e1b,Brenda Lopes,66,Masculino,Ribeiro de Souza,2022-02-18
e51fd47f-f080-4bdc-bfba-83e57db43f94,Caleb Sá,58,Masculino,Garcia de Gonçalves,2022-01-10
ef12e536-0110-4710-9825-da0d1bc6945f,Sr. Lucas Gabriel Rezende,46,Masculino,Garcia do Campo,2020-07-03
54897ded-612c-45de-afc3-df0840acb7ed,Srta. Gabriela Silva,57,Masculino,Pacheco,2020-06-22
1ca648b2-b688-49ab-8b27-1a19b4402d57,Danilo da Rosa,39,Masculino,Pastor de da Cunha,2023-06-02
8be034b2-47b0-47cc-bc5d-67f49c635e3f,Dra. Olívia Vieira,44,Masculino,Pacheco de Jesus,2022-06-25
0c40b7ad-05cf-4872-b0aa-ff492568a839,Thales Correia,40,Masculino,Câmara,2021-07-31
e6bf07d2-9bc6-4db6-a08a-eae6e7ab7b56,Anna Liz Araújo,59,Feminino,Campos,2021-07-06
b560b309-1d21-465e-8b76-a2806ac0ecd5,José Pastor,55,Feminino,Machado,2021-09-23
207005c6-73a7-48b9-8d42-29af85c01505,Dr. Pedro Ribeiro,46,Masculino,Novaes da Serra,2023-03-05
44c7bbb7-be68-4c33-94a1-07eb4419b038,Milena Macedo,68,Masculino,Cassiano do Galho,2023-01-22
abdc31fa-cecc-4077-957f-604d3388a1bc,Sra. Aylla Albuquerque,69,Feminino,Azevedo,2023-08-29
7d007574-befd-4c1c-bb58-72f15ce37218,Ana Carolina Rezende,18,Masculino,Brito,2022-12-28
d844b924-39c0-4ea5-8377-d1359b29c979,Sra. Bella Pires,47,Feminino,Rezende de Fonseca,2024-03-07
a1a30408-6134-4a43-aa59-5ce5151fb676,Marcela Dias,29,Feminino,Gomes,2021-12-26
c06f1676-6e2d-48b5-82fc-725c39cbd723,Sr. Benicio Caldeira,59,Feminino,da Mata de Souza,2021-06-14
cb203465-5273-4d8a-8011-c8f8d4efc378,Kevin Casa Grande,43,Masculino,Costela,2023-10-05
e301b223-7324-4730-bf7c-322350da1fac,Caleb Sousa,62,Feminino,Vieira de Albuquerque,2022-11-15
9fad2e36-7dcb-4abd-b67b-da0a2065da13,Josué Cavalcanti,60,Masculino,Silveira do Galho,2021-11-27
a0c38057-23c7-449d-b753-6013f88e7d17,Sra. Antonella Campos,45,Feminino,Jesus Alegre,2021-12-03
466cb5fe-988f-4290-bc3d-98e5e6764220,Maria Vitória Abreu,29,Feminino,Farias,2023-11-01
1ca656fb-dc41-4429-83a1-d38db4531487,Joana Monteiro,26,Feminino,Costa,2022-06-24
64733d68-5dfb-4029-916c-0a94ff58f6be,Caleb da Costa,23,Feminino,Vieira,2020-02-27
525e96c1-60c6-4423-81b1-778d32a211b9,Dra. Olívia Cavalcanti,61,Feminino,Montenegro,2023-12-31
1576910b-bde2-44a7-8902-34d33dec7c8b,Ana Carolina Vargas,38,Feminino,da Mota do Oeste,2023-04-20
b2a2db02-97ee-48f3-8708-5ae42692e1ce,Beatriz da Rosa,49,Feminino,Rocha,2020-06-15
c83114ad-5d24-4488-bd59-0eab4611ff1c,Esther da Mota,37,Masculino,Duarte,2023-08-05
d634d536-73e3-4472-918f-dc6827c22ee3,Sr. Fernando Fogaça,69,Masculino,Ferreira,2022-06-21
eb62671b-7bd0-485a-9a36-f65ce5da6cd5,Bryan Guerra,49,Masculino,Silveira,2021-07-24
036a6b6c-80d0-4315-a104-6974f5500c41,Bárbara Pinto,46,Feminino,da Mota de Minas,2021-12-04
60e4fe96-9ec8-49d6-9a38-58ee5b583692,Nina Dias,31,Masculino,Sá,2021-05-17
4b5bdabf-9ce8-435e-a7e5-751f99abcfed,Arthur Souza,44,Feminino,Carvalho de Ferreira,2023-03-07
ae9c67fb-b42c-4128-bcf8-f815e58cdf68,Ísis Pacheco,35,Feminino,das Neves do Campo,2023-07-22
391e448c-21dd-4b15-b4d7-c9107c84466d,Rael Andrade,70,Feminino,Barros,2020-07-03
e3444dae-81ac-4ca3-b12c-4745f9b37f05,João Pedro Siqueira,62,Masculino,Moreira,2024-01-20
c5b716be-ad56-47d4-9a34-b040e8211632,Bárbara Pereira,26,Feminino,Araújo,2021-10-21
65746d97-3ff7-4bbb-a79b-5eee22b245ed,Joana Sampaio,67,Feminino,Abreu,2020-12-30
e333e4af-d128-42b3-963b-3cef1e8597ba,José Pedro da Cruz,66,Feminino,Pacheco,2022-07-02
e201e5da-02e6-4f80-940b-2d2cc5e703e0,Benício da Luz,22,Feminino,Alves da Mata,2023-05-23
16c1cb46-020c-4bb0-add7-208d3dd3ee3f,Cecília Silveira,37,Masculino,Cassiano,2020-09-18
38ca2ae2-290e-4361-baba-5c878fd3d0a2,Antonella Pereira,39,Masculino,Gonçalves,2024-04-10
4205d952-234e-46e9-864e-b99a74f1195b,Hellena Correia,26,Masculino,Pinto do Campo,2021-11-29
6993e6cf-88a8-4b67-8aa4-01f8097da0ff,Caio Correia,28,Feminino,Mendonça de Cardoso,2022-02-22
35ea1822-aea2-4972-a5d1-0406237b6d67,Joana Ferreira,31,Feminino,Albuquerque,2022-12-10
70e04968-376d-4a6c-8f83-3ea0568fde2f,João Pedro Carvalho,47,Feminino,Rocha,2020-06-02
6c1e5eb7-ec1f-465b-87f4-f7b27c63d5aa,Gael Fogaça,47,Feminino,Nunes de Freitas,2021-08-12
72f4f414-6c0d-44fa-931b-4d6451be7eb2,Miguel Vargas,39,Masculino,Pastor de Camargo,2020-08-18
31e5d677-93e7-4ade-8060-279984139402,Sra. Yasmin Machado,61,Masculino,Machado Grande,2022-11-12
03417866-d951-4369-81ed-9af8c6e55605,Fernanda Ramos,47,Feminino,da Conceição,2022-09-23
e94df8cd-2054-4fb7-88a2-abdf318c16d4,Sr. João Pastor,35,Feminino,Vargas de Goiás,2024-02-08
f67a28ed-9d82-405b-a4bc-aaf15e47edff,Laís Lima,66,Masculino,Melo,2020-04-30
79529c8c-3e58-4679-ab7d-de60094160c4,Hellena Monteiro,56,Feminino,Correia,2023-12-06
539e2c55-65a5-4a87-9798-3f88addd54c0,Eduarda Casa Grande,36,Feminino,da Rocha da Prata,2023-11-05
f5ac7db6-3fae-46d1-9ff2-95977ce4a389,Fernanda Leão,44,Masculino,Araújo Alegre,2023-04-10
0dee3b63-81c1-445d-a1ba-f595666d92f9,Brayan da Cruz,40,Masculino,Martins,2023-05-14
58d58ee4-cb57-43b8-88d6-83cfc0c23c2e,Sarah Fogaça,68,Masculino,Freitas,2023-08-25
cedb19df-46c4-49e6-9f2d-4d6579cb95b3,Sr. Ravi Lucca Melo,36,Feminino,Martins,2023-12-01
834055ec-4f3d-4fac-94d6-c5be2eb140d3,Sr. Bernardo Moraes,43,Feminino,Lima do Norte,2021-01-26
3d81aa8f-8447-4f5e-8793-e7c36f821375,Maria Alice Duarte,67,Masculino,Sá do Amparo,2022-10-31
be01152d-691d-46a0-a4b3-eb3c3b309c30,Bárbara Santos,43,Feminino,Novaes,2021-12-16
03c965d6-a937-406f-b754-fe6b136fb408,Ana Laura Gomes,64,Feminino,Pastor de Marques,2022-11-28
862ad97b-d0c9-4416-9a91-9717dbc541d9,Sr. Ravy da Rosa,46,Masculino,Rezende,2021-06-29
7fc4a15a-9032-42bb-be7b-7521c5636623,Luara Martins,47,Feminino,Ramos,2020-03-15
cb73f6f2-061e-4a6a-8305-a61663887857,Sr. Luiz Fernando da Paz,56,Feminino,Sousa,2023-06-21
47cd66a8-9baa-4aee-a838-46d845b5d6b6,Olívia Ribeiro,43,Masculino,da Paz,2022-08-15
f40a460d-7f06-428c-90ee-0d89fb7e3fd7,Vitor Gabriel Sá,50,Feminino,Rodrigues,2022-01-14
7e7c9a39-158d-4442-ba77-86c0713a8705,Sr. Yan Andrade,54,Masculino,Novais,2023-02-02
5aa50896-9bfa-4041-bcbe-9b98770f1ef9,Luiz Otávio Cunha,29,Masculino,Fonseca do Sul,2023-12-19
057937b1-e213-4ef2-8bfb-35c54e7f8589,Aurora Abreu,46,Masculino,Cunha,2022-03-15
49264426-55cf-48cd-ba8f-407303f72312,Caroline Guerra,52,Masculino,Teixeira do Norte,2022-01-18
20a8a0d9-4cd3-44c9-95f1-97e549f1d602,Srta. Julia da Paz,39,Feminino,Mendes das Flores,2022-05-13
5af2dcbb-1335-43f3-bcd1-52809b6051d1,Isaque Macedo,38,Masculino,Sá,2023-01-02
00424b24-0dc4-4dc9-b518-324ff26b3521,Hellena Abreu,31,Masculino,Ribeiro Paulista,2023-11-12
c31ef580-b595-4e4c-aa06-f68da6e2860e,Rodrigo Teixeira,21,Masculino,Macedo Verde,2022-01-26
f23715a7-23da-408e-8d76-9b18b0a481af,Théo Azevedo,61,Masculino,Costa,2021-05-29
ca52a6c3-dffd-4b83-b6e2-df10f09d31d6,Maria Eduarda Ferreira,65,Feminino,Borges de Dias,2021-09-01
087276b9-53c2-487a-b0a3-599f8f0f6c54,Renan Montenegro,25,Feminino,Fonseca,2022-01-08
69ae4ae8-e9f2-402f-85ce-9f32c6e02348,Samuel Camargo,32,Feminino,Leão,2022-10-17
5f413c23-6b3a-4771-83b3-df221ef9615c,Kamilly Almeida,41,Feminino,Souza,2023-06-07
7cba2a45-084e-4b77-bf9c-8f12f26264d9,Enrico Nascimento,23,Masculino,da Paz,2024-03-11
c68613be-0bb1-4ea0-bfcd-64956856d240,Giovanna Silva,52,Feminino,Duarte,2023-12-19
8d60552b-4cfa-4046-973d-c3d19e4d017e,Calebe Costela,51,Masculino,Sales de Moreira,2022-12-24
8aa9e31c-0a4d-4ebe-822a-88b1ef97ea17,Maria Julia da Costa,55,Masculino,Barros do Galho,2021-02-22
48c64b34-49c5-41d9-b21b-f82b254dd25c,Srta. Zoe Ribeiro,66,Feminino,Fogaça do Norte,2023-01-04
302a9035-8fef-4a44-bc9c-999dc00e5dd0,Aylla Pastor,66,Masculino,da Luz,2024-04-01
6b9f716c-a958-4689-8569-aa58506a169f,Fernanda da Rosa,55,Feminino,Câmara da Serra,2020-08-01
290e5be0-3299-42fd-a613-ffe5e297f95a,Pietra Marques,54,Feminino,Macedo,2022-04-23
9a93d3a3-684f-4c72-bbb7-4345f3ac362c,Marcela Alves,66,Masculino,da Paz,2024-04-12
bddc84b8-ffa7-4f19-bc27-bf0ac8322ef2,Arthur Gabriel Barros,52,Masculino,Moreira,2020-02-09
10b16fa6-9c61-4b1c-aad6-4d1e5102e246,Eloá Aragão,34,Masculino,Castro,2023-11-10
5e894a80-280d-4681-a0a7-6e6909207e8d,Rafaela Nogueira,30,Feminino,Casa Grande das Flores,2021-08-07
8bc1a264-0e88-4106-ad3e-5493602b1868,Asafe Martins,55,Feminino,Guerra,2022-02-07
5bbff392-5e7a-4462-b932-76c3b215251a,Ana Vitória Santos,70,Masculino,Borges,2022-11-13
5ec6a7b1-b574-4564-a43b-7a83ac221b3f,Maria Luiza Jesus,35,Masculino,Pinto do Oeste,2023-01-07
be0b1512-c406-4c49-a38e-61c875987253,Jade Teixeira,46,Feminino,Mendes,2021-09-25
65135282-67e6-40c3-b805-9d3496793bd8,Brayan Sousa,34,Masculino,Dias de Goiás,2022-03-19
a04ab260-fc62-4edc-855f-88ad7eb7ecd6,Francisco Sá,66,Feminino,Gonçalves de Minas,2020-09-20
58067068-9a60-4114-aa24-d732da9fb3ed,Dr. Vinícius Rodrigues,27,Feminino,Alves do Amparo,2020-07-10
64cb55f1-fc41-47b1-b74a-a6a828b92f0a,Leonardo Borges,21,Feminino,Pereira,2022-07-01
ff6b8ffd-8351-4992-a465-dd7b23562156,Hellena Gomes,61,Masculino,Porto,2022-06-25
d714fdd2-b1fa-4eb0-9e82-eb506a68d5f4,Anthony Gabriel Vargas,69,Feminino,Costela Alegre,2023-10-23
bd92d687-0d68-4493-ba73-b5020c245b54,Mathias Abreu,67,Feminino,Carvalho,2020-01-31
9716e5bf-2170-48bd-b1f4-cfb9588980a1,Clarice Rezende,63,Feminino,Pacheco Grande,2021-10-09
1af860c8-e748-441e-900a-b7aa8c18305a,Enzo Gabriel Souza,37,Feminino,Correia,2020-07-31
eb243aac-013d-4493-9395-5b036ed03f76,Vitor Gabriel Mendes,24,Feminino,das Neves,2023-05-02
629eddb3-16f5-4fc1-abc3-ffd033943a49,Bryan Jesus,60,Masculino,Casa Grande,2023-10-26
6d0facfc-6df6-4106-824a-df6ee29dd0f4,Gabriela Casa Grande,32,Masculino,Cassiano,2024-01-12
75c270fb-3c20-4a39-bbca-67b5e7e18905,Laís Porto,44,Masculino,das Neves,2024-05-04
f7924944-a175-459c-951e-28c918bbde40,Yan da Costa,20,Feminino,Moraes,2021-04-17
fb7dbc46-7d1d-4d2e-978b-d262a6d8047a,Laís das Neves,70,Masculino,Moreira da Mata,2020-08-08
f1744afe-f6c1-45ea-8833-66b9e33c5a21,Josué Novaes,25,Feminino,Alves da Mata,2022-04-21
67fc2799-c8bf-4b80-ad5d-7a1e6fe47ebf,João Miguel Aparecida,47,Masculino,Brito de Minas,2023-06-10
c2d681f0-ad88-494d-8217-579a4b6dd921,Arthur Miguel Gonçalves,47,Masculino,Rocha Paulista,2024-04-25
b56ba418-3278-4b25-bb16-7a02de89563d,Sabrina Almeida,34,Feminino,Sampaio,2023-08-02
b9cb88c4-e419-4204-b9fb-d53ab6210f03,Esther Fernandes,26,Masculino,Freitas,2022-02-26
6baeb98c-0ebb-4d1a-a5e9-6bf8c1e276b9,Maria Vasconcelos,32,Feminino,Rocha de Siqueira,2023-01-04
6a067e4f-49e0-4247-b36d-b5f6c73ae659,Rafael Carvalho,66,Feminino,Nogueira das Pedras,2023-12-17
fdf5ed4a-a824-411f-9ae0-a604b7929688,Dr. Rhavi Costa,59,Masculino,Pacheco,2022-01-09
e71dcc2a-ab94-4380-9cc9-37760550f589,Manuela Barros,36,Feminino,Nunes,2021-04-19
fb2fe3b5-b0da-4b73-b181-305c3e246e95,Enzo Gabriel Viana,32,Masculino,Casa Grande,2023-01-07
4e7a5b3a-e26a-4872-8397-6aaba04e9a6a,Luiza Garcia,59,Feminino,Siqueira,2022-12-03
69ef8d89-194c-4421-b776-66eef10a86c8,Esther Montenegro,63,Feminino,Novaes,2024-04-14
ba360d3e-db38-4123-bdef-c3308685e92f,Mirella da Cunha,27,Masculino,Teixeira,2020-12-30
5047f4db-d343-4488-a875-3b171009e55b,Antony Vieira,61,Masculino,Aparecida de Minas,2021-10-04
50e362f9-9888-4dc3-a0a4-d583c11b59b3,Gustavo Henrique Melo,45,Feminino,das Neves da Mata,2020-03-05
f632d6e3-bd30-4b65-848a-cb1980ae458f,Vinicius Fogaça,19,Masculino,Albuquerque da Serra,2020-05-01
25578ba6-4e50-4d77-90b4-d90a1f542cf2,Ísis Rodrigues,48,Masculino,Cirino de Lima,2022-03-27
09a5de20-3428-4c2e-8f55-5cfbba4c517d,Srta. Ana Clara Pinto,20,Feminino,Câmara,2021-07-31
03178e26-2ce6-4b63-b30d-3478bc79df61,Dr. João Lucas Garcia,61,Masculino,Araújo do Norte,2021-02-23
2f8bd903-698a-482d-957c-0ed151c1bd7e,Luna Costela,50,Feminino,Novais,2024-02-25
fd5eb343-94fc-4824-af2f-f728055643cf,Sra. Mirella Porto,55,Feminino,Pimenta,2020-12-14
6534341d-a691-44c9-bb1c-3b0335988930,Luan Guerra,38,Masculino,Pacheco,2022-05-31
be2f947f-2ae1-495a-8972-5b1ab30eff03,Maria Luísa Rodrigues,22,Feminino,Campos de Brito,2023-12-10
f1b59b7f-183e-4377-af3f-4e8ad4274781,Dra. Kamilly Novaes,28,Feminino,Andrade do Norte,2023-12-04
f0385dcd-8800-4760-bac8-de228b34ceed,Benjamim Silveira,46,Feminino,Alves,2021-10-22
4c49b117-5848-424a-8880-8c6771b0ccd0,Ágatha Pacheco,34,Masculino,Pires do Sul,2022-08-12
92b59ea7-1173-4200-bd66-6f1956c0c15d,Marina Nascimento,66,Feminino,Jesus,2022-06-17
80197518-23c2-4462-a1ee-b0b3d3f52da1,Dra. Aylla da Paz,23,Masculino,Ribeiro,2023-12-25
e06d5734-a18f-44b0-800d-0200e3ebc830,Maria Alice Farias,42,Feminino,Melo,2021-03-01
2e4f0705-4b48-4fb1-b845-a02cdfdb0cd5,Paulo Pires,64,Masculino,da Luz,2020-07-01
4e76d85f-69f3-4768-adda-8b9a5459a6c7,Mirella Silva,28,Masculino,da Cruz,2022-02-24
6550a969-4445-470b-8322-aa71b993a6c1,Pietro da Rosa,48,Masculino,Caldeira,2023-06-04
43228808-4cc0-4762-bd5a-85a5f5f7c967,Luiz Henrique Siqueira,57,Masculino,Andrade do Campo,2023-04-09
163ef238-4c87-4972-9881-bd48c271c3df,Dr. Felipe Cirino,18,Masculino,Gomes dos Dourados,2020-01-12
38a84337-cda3-4e02-af04-0f8c9b936883,Luiz Henrique Nogueira,69,Feminino,Freitas das Flores,2020-09-14
f3912c89-f05b-4fde-bfa9-b74249952093,Dra. Emanuelly Fernandes,60,Masculino,Nunes de Pacheco,2024-01-12
9bc1b171-df9d-4743-9d68-589b99933e96,Dr. João Vitor da Cunha,66,Masculino,Silveira,2020-03-23
1fe10b05-53db-492e-a2f3-8213db333f6e,Ryan Porto,33,Feminino,Pinto de Goiás,2021-11-30
42288ba3-79cd-4d50-9bcd-80393285a66f,Sra. Alana Pinto,28,Masculino,Porto,2021-09-28
13f3dd05-dc36-455b-b850-6bd0945216fb,Mariana Andrade,23,Masculino,Ribeiro de Guerra,2020-01-04
04f61a42-27e1-45d1-9955-73b047542849,Maria Eduarda Brito,30,Masculino,da Paz de Sampaio,2023-05-03
c627765c-41c3-4aad-883b-7f51df75bfb5,Matteo Castro,54,Feminino,Cavalcante de Santos,2022-08-01
6aef5bd6-47a8-42e9-b199-73bbcc1b83bb,Enzo Gabriel Moura,67,Feminino,Lopes,2022-09-16
33131d2d-7be9-4c27-b90e-0ad571d9f28f,Lívia Mendes,32,Feminino,Santos,2022-02-20
26062b85-8c6d-487f-8771-4898c25c9dcd,Dra. Emanuella da Paz,56,Feminino,da Costa do Campo,2020-02-07
38d74817-13a6-4240-8420-669c45b164d3,Isadora Pastor,30,Masculino,Mendonça da Praia,2020-07-19
836dd70e-9673-4e0d-b62a-0b9213eb5ff7,Miguel Machado,67,Feminino,Rezende,2021-08-20
8e5ea528-b6a6-44ef-8514-f7f2078b793f,Rebeca Monteiro,69,Feminino,Mendonça do Sul,2022-02-23
5ae675f2-fee4-41a2-9d43-1649a1126fc8,Emilly Duarte,48,Feminino,Garcia,2021-06-20
21d31109-cca7-4cc3-9e05-10af63ea5df1,Esther Almeida,59,Masculino,Vieira do Oeste,2022-09-15
07bd2835-6763-4311-8ddd-e9e84a39fdad,Esther Pimenta,59,Feminino,Vargas,2020-03-16
7604471c-e37e-4cce-9e46-045dca07e7ed,Luiz Otávio Gomes,50,Feminino,Pimenta da Serra,2021-01-22
c36055bf-a5dd-47e3-8400-4a6ec3be74e9,Luiz Otávio Jesus,70,Feminino,Barbosa,2022-08-15
df31afd2-0ae7-4e25-af1f-b37e8f418e5a,Alexia das Neves,32,Feminino,da Mota,2023-06-13
5bbe0cce-f198-4523-b521-3474a354d390,Aurora Barros,30,Masculino,Borges,2023-12-22
cabad3f3-5da4-46b2-b2ab-76185995810c,Davi Gonçalves,40,Masculino,Dias,2021-04-01
6f906bd2-2d1e-4397-9b11-240ceeebf416,Thiago Correia,18,Masculino,Rodrigues,2023-07-21
5facbe6b-b5cd-4c08-93e0-5de0afd8ada2,Henrique da Cruz,29,Feminino,Mendonça,2022-02-07
15fea181-86f4-48fd-8aa1-5b55aa6342f4,Ravy Pereira,66,Feminino,Nascimento,2020-08-17
9e3bdd5c-eb4b-4b6a-b8bc-6f57208bf7e1,Vinícius Fonseca,44,Feminino,Gonçalves,2022-01-22
0c40841e-1f3a-4113-a8eb-e5b7cbdcf1b8,Esther Cassiano,61,Masculino,da Cunha,2023-08-11
6c7062ae-b474-4173-bc76-1226dadde1e7,Dr. Enzo Gabriel Nogueira,23,Feminino,Novais Alegre,2022-05-21
6562fce0-90ba-42a3-9bac-bcbe678c8c54,Lucca Mendes,20,Masculino,Novais da Prata,2021-01-09
97239adb-522b-4940-8a94-ef5e328d8a4b,Isaac Vargas,21,Feminino,Sales de Pires,2024-03-16
18a83ef0-c86e-4a6a-837e-d1522771b41c,Nicolas Cavalcante,44,Masculino,Santos Grande,2023-09-02
5f53a21b-f02e-43fa-a7d8-32ddb4f7af53,Lucas Moura,57,Masculino,Sá,2022-10-25
60eda056-c532-45b2-86c6-57874c400536,Eduarda Machado,53,Feminino,Cardoso de Goiás,2022-04-06
0fb6542e-f977-4783-a32d-7ecb12c38bac,Daniela Rodrigues,41,Masculino,Correia,2024-02-14
06fce873-b9a0-4ac9-8fc1-f68f5fb6feac,Maria Vitória Vargas,59,Masculino,Nascimento da Praia,2023-12-06
19ca71ec-f71d-47e8-aed5-31e7f29c3784,Natália Freitas,54,Masculino,Sá,2020-06-18
3ead5ced-53ef-45d4-b394-aa5ed1690166,Maria Clara Casa Grande,39,Feminino,da Conceição,2022-10-08
bbb7f9ba-e6b4-42c8-be1b-44254568b5aa,Ísis Melo,64,Masculino,Vasconcelos de Cavalcanti,2023-11-06
0f3a0023-cd6d-4f5b-a1c4-7ce2e2371d12,Pietra Aragão,46,Feminino,Aparecida do Norte,2022-12-23
807150af-9769-4fb2-90db-146c312a97b5,Clara Nogueira,67,Feminino,Macedo,2020-01-05
24f514f6-0f9f-4900-b079-2e685f11d539,Sra. Daniela Rodrigues,35,Feminino,Vasconcelos Verde,2021-04-21
86190211-ce7c-46ba-8e7a-db17457041d0,Bella Lima,53,Masculino,Rezende,2021-11-09
3650a5ce-fded-4ae5-ae64-0701f4473042,Dra. Agatha Camargo,60,Feminino,das Neves do Norte,2023-10-30
4316b61a-a1a8-40d4-a5f7-ae9256a55f67,Pedro Henrique Sá,55,Masculino,das Neves,2023-08-14
2f849666-f671-47c0-84e5-610cdc997e7c,Ana Vitória Machado,44,Feminino,Costela,2022-11-12
f05c5c32-c338-4678-841c-394568e485e6,Cauê Rodrigues,55,Feminino,Costela,2024-03-15
e5ac5a59-1f3e-4508-b0e5-4c43f8bc58f1,Maria Helena Rios,53,Masculino,Campos,2021-07-14
9f3f94fb-4220-413a-b38b-f8300e7b5f43,Bento Macedo,26,Masculino,Santos,2022-02-23
964faf9f-913d-4568-8583-3879e73a2ed9,Sr. Lucca Lima,35,Feminino,Monteiro de Sousa,2020-09-09
f6ee5a91-f667-40c9-8f72-284ca7dfa23f,Lara da Rosa,37,Feminino,Cardoso do Oeste,2021-11-30
3a310fd4-b84a-4fe3-9d9f-7cb29bb71005,Pedro Costa,60,Feminino,da Cruz,2023-04-19
d0907ec7-932c-4587-b434-c5df97dbf369,Dra. Stella Costa,48,Masculino,da Costa,2023-12-31
8e1005c2-5ac7-4243-826c-21aca3667915,Lucas Carvalho,47,Feminino,Câmara,2020-04-29
e7fa861c-a3b4-4943-a521-5efb58041810,Marcela Rodrigues,45,Masculino,Rezende Alegre,2023-05-03
3992e5df-7a59-4e62-b874-e54ffee439db,Joana Fogaça,63,Masculino,Costela,2022-07-25
f5acd8ef-c6d9-4563-bde4-f4b4495cc475,Allana Novaes,29,Masculino,Novais de Monteiro,2020-01-30
38cb1a27-ca61-4ec3-a94a-c7d5ba332268,Sr. Gael Henrique Nogueira,22,Feminino,Rodrigues,2023-06-04
d87a44e7-1a2d-46c0-82e2-c67162b6b373,Vitor Albuquerque,30,Feminino,Ramos,2023-08-13
1cba53d0-8908-4c43-bc36-4a24eecb3d6c,Dr. Rodrigo da Mota,64,Feminino,Barros do Amparo,2022-10-23
8ce7f952-4529-495e-8d5f-ca54c96346ce,Cauê Alves,69,Feminino,Monteiro,2021-05-01
a9f2a406-b688-4e9c-ba01-7bc237efdd45,Vinicius Abreu,58,Feminino,Duarte,2023-07-10
26202f29-203f-45b2-9b5e-2098221d601d,Antony Moreira,26,Masculino,Moreira das Pedras,2021-12-25
e4ec6148-2ddc-416f-9cc7-ec97362d4f46,Kevin Correia,40,Masculino,Novaes da Mata,2020-11-25
7d4d214c-18c6-47b3-9b8c-47dc2c26cf96,Cauê Cirino,31,Feminino,Machado,2021-12-08
bcf81121-2d6e-4b21-a744-a2cda40eb703,Júlia Pinto,38,Masculino,Correia da Serra,2021-10-04
d5f3455c-c8e3-4d22-a5ef-1e8ea65eebd3,Vitória Macedo,50,Feminino,Cunha,2023-08-22
aef60cb9-51e6-4129-8d60-fd908723f817,Augusto da Rocha,48,Masculino,Caldeira,2021-05-10
67733382-26fc-4af4-b308-c3563bd870b5,Enzo Santos,51,Masculino,Costela das Pedras,2021-10-21
153c69a8-3f04-4534-9db9-db6cdcb72bd5,Cauã Garcia,70,Feminino,da Cunha,2021-07-24
c307b6b7-5ecf-4951-95e3-96cd0d465df7,Arthur Miguel Pastor,22,Masculino,Fonseca,2022-03-06
133e4079-6828-4c01-bdee-3548a9f45b6b,Guilherme Vasconcelos,34,Feminino,Borges,2023-02-04
d6fa61b9-8254-41e0-9556-f5d02ea3de13,Laura Novais,69,Feminino,Fernandes de da Cunha,2021-05-03
ab8110f7-6f2a-40d6-8b50-b14d98d25cfd,Agatha Barbosa,67,Feminino,Barbosa de Alves,2024-04-05
15a582ac-5648-4c92-9f05-ab301c2661a9,Allana Borges,63,Feminino,Rocha de Minas,2022-05-07
40111db5-4e81-4afb-8f23-80cb1c4cdf9a,Sr. Gael Henrique Souza,55,Masculino,Campos da Mata,2023-07-19
39289d8e-efa8-402a-a9b4-54f7e6df51d2,Allana da Paz,44,Masculino,Sampaio,2020-04-10
0ced3e58-ec44-41ab-ab13-1165439e6799,Luiz Henrique Martins,63,Feminino,Ferreira da Serra,2020-09-12
4e92fdae-81a4-409d-b790-83431c18ee8e,Rodrigo Cavalcanti,54,Masculino,Silva Verde,2022-02-01
b6503977-af22-4bf2-8d98-3e5090144c90,Samuel Marques,52,Masculino,Alves,2020-09-23
3fb67037-2b49-47d9-b144-0cd2d8e662eb,Sr. Ian Pinto,38,Feminino,das Neves,2021-06-19
b33430ab-be27-4b52-bb87-a4e622ce4a3a,Maria Clara Rodrigues,42,Feminino,Lopes,2021-10-25
4000667a-e1ab-4138-97f2-4d4df54a384d,Caroline Cirino,23,Masculino,Vieira do Galho,2020-06-17
4ed3fa26-7de9-4253-803c-1f2329f28272,João Felipe Freitas,27,Masculino,Ferreira,2023-08-13
70ec21ae-f53d-467b-9e56-50a8ded52f51,Isabelly Lima,19,Feminino,Machado,2020-03-02
41afd98a-a423-49ec-93e2-569a7bbc4906,Srta. Marina Rodrigues,65,Feminino,Cassiano,2020-11-01
9e8c0460-ea57-4898-8243-ace4b533bc4d,Olivia Brito,59,Feminino,Cirino,2023-01-10
3d6c78ee-3288-47d2-bd67-1eba003abf06,Antônio Lima,34,Feminino,Marques,2020-06-23
c72eb237-a82f-446c-ab39-04c5a6a8dbf2,Sr. Kevin Correia,26,Feminino,Novais da Serra,2021-09-02
a76039da-6b0e-44b1-80bb-c3885968a8c0,Aylla Moraes,56,Masculino,Sá,2023-04-03
f81a194e-2382-46bc-a050-9632d754bce5,Helena da Cunha,47,Masculino,Fogaça Grande,2020-01-28
22309e2d-c6a6-4666-b3e4-b4b5fa78fd29,Dr. Gustavo Henrique Teixeira,55,Masculino,Pereira,2022-07-13
2c75cff4-1e2b-479f-a745-b0282d7b9c24,Joana Ferreira,67,Feminino,Camargo Grande,2021-03-21
7577d9c5-df54-4e58-ac74-f5ee2b29220f,Heloisa Moura,50,Feminino,Farias,2020-08-21
a0b2c042-c69a-4247-bbe8-7f6e05490f01,Srta. Bárbara Moreira,49,Masculino,Cirino de Nogueira,2020-07-15
a41d649b-1e98-4dc0-a835-19ca7002caba,Luiza Cunha,25,Feminino,Duarte das Flores,2020-04-19
2e1b44e9-43a8-4be8-9146-d9dd5e273c94,Clara Pimenta,47,Masculino,Cassiano,2023-12-26
c8692f92-7cdf-434f-8009-bd78598ae06b,Luiz Otávio Aragão,37,Feminino,Costela do Campo,2020-10-21
dff08215-63ec-4bc4-b7a5-54355e621277,Joaquim Vasconcelos,47,Masculino,Moreira do Norte,2023-09-07
c3b2aae1-f09f-4d09-923e-3e7df0d14f93,Lucas da Mata,23,Feminino,Pereira de Goiás,2022-07-07
c79e0980-7732-48bf-84e2-0fe904c7d894,Pietra Porto,32,Masculino,da Costa,2021-07-05
fd4a7fdb-381d-4e57-9a5e-38551e11e0f5,Maria Vitória Siqueira,36,Feminino,Costa,2022-05-26
f57824ec-c0d4-43d4-9221-123d19016aad,Marcos Vinicius Borges,34,Masculino,Macedo,2021-05-26
5df6ed42-474e-4eac-9bca-e91f3a155e4a,Valentina Barbosa,48,Masculino,Barros da Praia,2020-01-30
7723ae1f-9bd5-4910-88b1-02714538e235,Maitê Nogueira,57,Feminino,das Neves,2020-02-27
7b65c703-c37d-40b4-a7ae-6c08761355c6,Hellena Pires,55,Masculino,Cassiano Verde,2023-12-22
8e4feeb4-b97e-4431-b35d-6b4974ddc40d,Ana Laura Cardoso,28,Masculino,Mendonça da Serra,2023-12-06
41994cd4-13c9-4eb2-b296-badfb1ff3198,Pietro Nunes,25,Feminino,Moreira,2022-03-20
5c58b598-b81e-43b9-8d59-ac273ef7601c,Matheus Costa,46,Masculino,Vargas,2022-01-14
cc054a11-1b1e-4bee-b70b-a732e96e51bf,Ravy Monteiro,65,Feminino,Fonseca,2023-09-29
5e380b7d-86f8-4e28-8be1-2b2f5a88275a,Benicio da Cunha,34,Feminino,da Paz,2024-01-21
fea926bb-cd17-42b7-939a-61d9b74f6c86,Yuri Aragão,38,Masculino,Aparecida,2023-04-12
47a4bc73-7cb7-48e4-a996-c2035336cc45,Melina Costela,39,Feminino,Pimenta,2023-11-17
ef159cef-dabc-45e1-b193-1eb5076f5e7c,Danilo Brito,52,Masculino,Albuquerque,2020-09-15
df5ecd24-69f8-44d6-82b6-ea39378e2172,Brayan Novais,25,Feminino,Oliveira de da Mata,2020-05-02
740bdee7-129e-4a71-bb1a-cd722f3b5974,Laís Mendes,35,Masculino,da Mota,2022-04-12
751c0cae-1c75-4107-a76a-0db85d8f452d,Bianca Brito,31,Masculino,da Rocha da Praia,2022-09-09
363c0b9a-c34b-4f99-b984-e99d260610fc,Kevin Albuquerque,48,Masculino,Jesus Paulista,2020-04-23
b06331fd-0b71-48b9-a3b8-96412cc20741,Sofia Cavalcanti,40,Masculino,Vasconcelos Alegre,2021-05-17
a2cb6d9d-bfa0-4f34-9b2a-ecf6c6b9dea5,Yago Camargo,47,Masculino,das Neves do Oeste,2022-08-24
3f284248-3ecd-46a7-bd01-fb7316ce9005,Maria Luísa Rodrigues,27,Masculino,Porto de Abreu,2022-11-27
f3e36db4-a7e2-475f-be41-73f0c3371594,Yago das Neves,31,Feminino,Castro do Galho,2021-01-06
d96ce110-a335-470d-89e6-868f7d79b389,Lorenzo Camargo,57,Masculino,da Costa,2023-12-20
a27aca5e-3210-4460-844f-d14657e401e3,Brenda Sampaio,41,Feminino,Casa Grande,2023-06-18
667057f3-4c0a-4641-b426-1f8434f64e2e,Maria Isis Moura,43,Masculino,Monteiro da Prata,2020-10-22
5a8582c0-3351-4a69-9633-d2d685680abc,Léo da Luz,24,Feminino,Rodrigues,2020-02-03
7dc072e9-d203-4ee4-bd42-0d4542a2a68b,Sr. Isaque Santos,61,Masculino,Alves,2023-12-15
ef960cac-494b-496f-8c46-bb140941af23,Davi da Mota,42,Feminino,Fonseca das Pedras,2021-09-27
e6fd865e-0a2b-41af-9a45-484644a928ad,Lucas Gabriel Ribeiro,57,Feminino,Duarte,2022-04-22
13d7a15b-e02c-4f7b-a4ad-2f86f83b6b68,Vitor Gabriel Ribeiro,54,Masculino,Farias de Nascimento,2020-05-02
7cfdea40-ce7f-40f5-8be4-9825880e211c,Pedro Lucas Pires,66,Masculino,Lima,2020-12-25
39bb1c69-529f-4006-bf1e-e653c2c15084,Dr. Diogo Barros,53,Feminino,Lima da Praia,2020-08-29
729c9a0a-6b99-4c4e-a9fc-c8c02304de91,Luna Mendes,42,Feminino,da Luz,2024-04-19
c7b89c5d-a9ec-4ec3-8e2d-bc6b8429bac3,Alexia Abreu,21,Masculino,Viana de Silveira,2022-03-06
336bdc93-807d-40ba-8ade-36362d48a219,Eloah Marques,51,Masculino,Vieira,2021-01-07
c5b55553-46da-457d-8152-312f5927ddab,João Gabriel Rezende,25,Masculino,Ferreira,2024-03-10
953e3730-0457-4125-a1c7-0ee78bb957ce,Emanuel Azevedo,60,Feminino,Albuquerque de Silveira,2020-05-28
943b4e25-c72b-41b1-8b0e-267acdd74638,Alana Vieira,27,Masculino,Gonçalves,2024-02-28
30395b1e-e667-4a4d-adb9-4b2e3b091f84,Pietro da Mata,70,Masculino,Cunha,2023-11-22
8aac6394-9183-4327-aca5-0441309d90f6,Manuella Cirino,51,Feminino,Gonçalves,2022-08-05
bd0c1f6d-9c7a-40f4-b3a3-5b34c9b40eda,Erick Silva,49,Masculino,das Neves,2020-06-27
048accfb-d856-45ef-a526-d83527d3082f,Lorenzo Rezende,50,Masculino,da Cruz,2024-05-11
0c67db6f-9fd2-43a1-921b-5efb7182b37b,Arthur Souza,32,Feminino,das Neves,2023-01-04
1750fb75-0dec-413e-a451-7f647e4082b0,Luiz Fernando Sales,67,Feminino,das Neves de Almeida,2021-04-13
616a7401-cd07-4773-97e6-e2088c64e760,Ana Carolina Teixeira,49,Feminino,Carvalho,2020-08-28
58fdc2cc-382e-409f-bf32-0500124cac00,Bella Melo,38,Masculino,Novaes de Minas,2024-04-13
bba281d1-4ffb-411a-96ad-1cabde41a980,Caio Nogueira,27,Masculino,Silveira Alegre,2021-12-21
b3d1c8bd-7573-4bf3-8f45-88c49e6246f5,Ian Freitas,46,Masculino,Cardoso de Melo,2022-05-06
6e7bbd2a-e694-4e6c-a27f-776143d03f53,Asafe Melo,59,Feminino,Castro da Praia,2020-06-20
4225f305-04c1-4438-a929-33d04bad693f,Heitor Aparecida,70,Masculino,Moreira,2022-09-02
7226728c-6a88-4ad6-8bd4-5277a0788781,Dr. Vitor Hugo Brito,41,Masculino,Araújo,2023-12-06
8e840056-7391-45ec-bad9-a032ae8243ff,Diego Brito,33,Masculino,Moura,2023-10-17
6e10f38e-c66d-4a5c-9d66-64fe9e3a6870,Daniel Moreira,70,Masculino,Nunes,2020-12-31
64961014-9118-49a6-aa65-cb1323b2ee08,Henrique da Cunha,63,Feminino,Aragão de Carvalho,2020-03-03
b3c51c1b-b87a-44ed-8b44-8086be3f0f48,Sr. Ryan Barros,47,Feminino,Cirino,2023-09-07
ce34a8b5-0364-415b-abbd-230c26f3f803,Kevin Brito,43,Masculino,Ramos dos Dourados,2022-09-07
fc5406f0-719d-42ed-8970-370cfe4286f4,Pedro Miguel Gomes,18,Masculino,Pimenta da Praia,2024-02-01
ef9b3678-d6cb-4376-9bfa-ea761ee68a5e,Théo Caldeira,66,Masculino,Pastor,2022-05-23
0619b20f-f264-476c-8281-388698ccb9ae,Benicio Novaes,52,Feminino,Monteiro,2021-07-20
dfa5d2a6-cae2-4d34-a657-6bc36db9aa47,Srta. Luna Barros,39,Feminino,das Neves,2022-01-05
9444fc0b-f95c-43b1-badd-48faeb190ba5,Ester Cavalcante,53,Feminino,Araújo de Goiás,2020-03-25
4017bae4-afe4-4238-8c5d-b989563e761f,Yago da Cruz,41,Feminino,Vargas do Galho,2023-06-05
9ada75b4-cbdc-4d94-ab85-013f08a9da4a,Milena Borges,24,Feminino,Cardoso,2022-11-05
249f59c2-f9d9-4db9-8e36-a203c12ae827,Diego Câmara,68,Feminino,Rocha do Amparo,2021-11-30
55651431-f8fe-477e-85ee-463f8823c7f7,Cecília Dias,66,Masculino,Rios das Flores,2023-08-03
5745d6ef-034c-465c-a702-bab560918eb9,Rodrigo Lopes,27,Feminino,Rocha,2021-08-07
4a7bb8e9-17c5-4fd7-ab7d-04403b53f179,Raul Martins,54,Feminino,da Conceição,2023-04-12
b55c877c-69d2-45fb-9b54-7628ede79ada,Ana Julia Aragão,19,Feminino,Rios Verde,2020-12-09
3088ca91-09a0-4fdb-86fb-8b088d7622fe,Arthur Gabriel da Rosa,33,Feminino,Carvalho,2023-08-14
994c50ec-c9e0-4006-a25e-7d80c98ba4e4,Arthur Gabriel Machado,47,Masculino,Vargas,2022-04-03
20047c2d-7a5a-4bef-8d84-6b07ba5af482,Juliana Câmara,20,Feminino,Duarte de da Mata,2021-10-11
f866ac40-e899-4e47-b7a9-b7fc54676c43,Lívia Casa Grande,69,Masculino,Siqueira,2020-04-22
99f2ab2a-b215-4923-bbb8-a39e65fdca2f,Caleb Costela,45,Masculino,Correia de Souza,2023-10-13
7e7d3a56-88bd-48e4-96b7-d28d99f8a1e1,Milena Leão,32,Feminino,da Mata de da Rocha,2020-12-01
e6d64b8a-2b58-4e2c-9d59-4bbaaac665ea,Srta. Rafaela Peixoto,51,Masculino,Andrade,2020-11-18
087d5a29-7d03-494c-8831-9ad9fa60bfa4,Caio Cunha,47,Masculino,Santos da Praia,2023-12-01
7ba982e1-ae9c-4803-a7c9-510c0eea1b12,Maria Laura Abreu,55,Feminino,Rocha,2023-01-14
13f2e4fd-5058-4124-8b98-bff18a9e1d7b,Manuella Cavalcante,50,Masculino,Cirino,2020-08-16
b7c1f172-fe06-43e5-977f-5289926c23ce,Luiz Henrique Porto,62,Masculino,Vargas,2023-01-17
8ec9c447-0b5d-4d73-98cf-a094ff1bc99a,Enzo Gabriel da Costa,65,Feminino,Nogueira,2020-05-10
fb7a7066-be31-4655-813c-959e81da2537,Bruno Costa,22,Feminino,Fernandes Alegre,2021-10-09
76e51284-81d1-4d3f-a6e5-320170bf09df,Allana da Cruz,66,Masculino,Abreu,2022-08-15
f5b0c966-f00e-42b9-8ff9-755e311155d5,Luiz Fernando Martins,63,Feminino,Cunha das Flores,2020-12-07
f73da73d-7b72-4b9f-af75-bb1af3ecdd3e,Calebe Ribeiro,50,Masculino,Gomes,2020-01-01
8dd33af1-62b7-4d53-bd8f-8a707f00a1b4,Sr. José Aragão,22,Masculino,Azevedo,2020-10-27
ac552c71-5510-476e-b622-8e6796d68792,Benicio Rezende,33,Masculino,Silva do Amparo,2020-06-07
3bfc2c7e-32dd-4acd-b436-95450110e6b2,Manuella Souza,48,Masculino,da Conceição de Goiás,2021-12-13
efa96dbe-7b6d-4b2d-86b3-a616e1f7bb8b,Pietra Silva,42,Masculino,Silva do Campo,2020-02-04
c87660fc-e9f6-4c03-9e76-35b16a49d675,Dr. Alexandre Sales,30,Feminino,Correia Alegre,2021-05-16
c09c63c6-f43a-4042-82fa-6a3b422b19aa,Maria Cecília Gomes,33,Masculino,Guerra de Machado,2021-06-07
6d3212e8-741b-43b2-a102-7264c15815d0,Ágatha Pires,60,Feminino,Rezende,2021-07-27
8780be59-1015-4649-91e1-fd85e05ea08a,Dra. Ana Laura Rocha,20,Masculino,da Conceição Grande,2021-07-16
3fbde2b5-b5b7-439c-b87e-25c94fc3903b,Srta. Lunna Fernandes,59,Feminino,Oliveira do Oeste,2022-10-07
9963e07f-a527-4ee5-9a31-8cc5cfc5056f,Dra. Eloá Melo,69,Masculino,Martins de Alves,2024-05-12
a783eaed-b264-4a25-baea-2f0908287838,Dante Camargo,50,Masculino,Garcia Alegre,2022-06-29
948e2a0c-10b3-45af-ab5c-99e9b45c1645,Heitor Pacheco,53,Feminino,Vasconcelos das Flores,2020-09-09
5448a879-bb31-403c-b575-25b64ef70c98,Breno Vargas,47,Feminino,da Mota dos Dourados,2021-04-23
49bae135-7aed-4210-9537-98eccfce5d42,Lucas Araújo,30,Masculino,Guerra das Flores,2022-12-14
7b6089b6-caad-48c4-a11b-66a7483a5ae7,Nicolas Melo,49,Feminino,Teixeira,2020-03-01
9c10ef42-7675-48a3-ba20-87519e00ef84,Valentim Martins,40,Feminino,Freitas,2023-10-28
de46256a-71a8-42fe-8d40-613785e6ea77,Dr. Lorenzo Farias,57,Masculino,Pacheco,2024-02-27
46906727-54fa-4701-b118-6ce6ad1a0303,Calebe Fernandes,37,Masculino,Ferreira Grande,2022-04-30
df0f5b89-12a2-4f97-9d5b-f3a04a3a2342,Sr. Igor Pimenta,46,Masculino,Nunes,2021-10-05
16b6e026-4d2b-42e4-a735-b9bb503b00bd,Helena Castro,28,Masculino,da Cunha,2022-05-16
7d53b74d-245e-4a7b-9c71-6888d18cc676,Pietro Ferreira,28,Feminino,Borges da Praia,2023-05-01
a7afecad-c890-40fd-8e35-02d4d088e909,Stella Novais,49,Masculino,da Mota,2024-01-14
844ab888-5530-4eb9-83ce-b066776174da,Noah Cavalcante,38,Feminino,Rios de Correia,2020-09-13
a6733d47-104b-4ffd-8457-5fe0c5f6a6e7,Ísis Rodrigues,34,Feminino,Pacheco,2024-02-03
90f54526-c3b5-4fff-90ea-9651b007369a,Lorenzo Almeida,54,Masculino,Câmara,2023-08-26
c16372b5-8278-4cd2-8499-1060c87a303d,Mathias Andrade,67,Masculino,Mendonça da Serra,2021-08-05
d46fe097-3c8a-479b-8a17-fafa78cfb885,Pedro Lucas Nascimento,69,Feminino,Aparecida da Praia,2020-02-16
1c5022a9-6349-44f1-a560-76eb15ea7e7a,Ana Sophia Cirino,39,Feminino,Duarte de Oliveira,2021-02-24
8fd23c3a-d2b8-4907-8f15-245d5e4c3f76,Kaique Duarte,34,Feminino,Alves,2023-01-20
43aa5c0d-4f5c-4aad-a155-31c93556fdd6,Sara Sousa,20,Masculino,Siqueira,2021-06-09
a8833959-fe56-40ce-a715-028e5acd7fe9,Vinicius Cirino,68,Feminino,Azevedo de Cunha,2023-04-11
e88db2b9-3815-48fa-a313-345b3c9fba0d,Isabella Pinto,61,Masculino,Vieira de Goiás,2023-03-18
2712002e-e787-4138-ab83-3112d12d920c,Pietra Moura,68,Feminino,Pinto,2024-04-13
629a654e-dc48-43cc-b5f1-7388aa3e93f9,Beatriz Duarte,49,Feminino,Fonseca,2022-11-17
9dcb4380-74bc-4711-98e8-8882038269d3,Levi Gomes,45,Feminino,Teixeira de Rodrigues,2022-03-05
4d186118-8116-4224-80d3-83f8c2a9bd0c,Dr. Luiz Miguel Melo,18,Feminino,Souza de Mendonça,2021-02-24
cb54485f-61e9-4b9f-8c12-b88f9d69c1e4,Luísa Borges,44,Feminino,Ramos,2021-04-05
c8cb7aa2-89b3-4c79-b115-311b734ff0fa,Samuel Alves,58,Feminino,Mendonça,2020-07-02
175945a2-196e-4f74-adce-42c7eb0f2463,Isabel Rodrigues,43,Masculino,Farias Alegre,2022-03-16
ad02a3a8-9440-47ce-ab0d-a93457829620,Manuela Lopes,40,Feminino,Aragão,2021-05-11
a99a5633-962e-4dc7-a139-64fb72618ee8,Vicente Barbosa,27,Masculino,Casa Grande do Galho,2023-03-28
bf505905-0301-48f8-811f-92ab2da2fd60,Sr. Pedro Miguel Sousa,58,Feminino,Martins,2020-12-30
00ffa25b-40c5-4c0f-9ad6-14072fbbc36a,Yago Montenegro,18,Masculino,da Cunha,2020-12-15
c2a91f88-7b5d-42ab-92e5-2582a934165c,Bruno Pastor,37,Feminino,Garcia do Campo,2022-01-14
7f401ce8-c2d7-4362-8f2e-e93326f9c6c0,Maria Vitória da Cruz,55,Feminino,Oliveira do Sul,2022-03-23
fd7be68b-a6f4-4195-888b-d94fea851871,Ana Sophia Melo,37,Feminino,Pires,2020-09-07
7bebcb58-2bfd-4d01-9f34-8c373643bdf4,Sr. Rael Melo,32,Masculino,da Mata de Abreu,2020-03-30
79f1aec2-9ba6-4671-bf74-354eed30fc95,Júlia Pastor,29,Feminino,Cunha da Praia,2021-01-04
bd554f86-d505-49e2-a5dd-9ae1e83ce1a8,Dr. Marcos Vinicius Leão,65,Feminino,Cardoso,2023-06-12
7c654402-512f-44c2-bfac-1c5aa62df44e,Vitor Gabriel Duarte,29,Masculino,Moura,2020-04-29
8e4d5cc0-da67-4889-90e8-67ef64f32548,Hadassa Gonçalves,43,Masculino,Peixoto Grande,2022-01-22
d75bc540-e47f-4cbc-b47a-10a903130f7d,Ana Júlia Fonseca,30,Feminino,Rios,2021-04-24
a1637b7f-0608-413e-8bd9-0fe3e0cb3eb3,Helena Novaes,30,Masculino,da Mota,2021-04-14
06c33fb8-a8e8-4327-895d-501b50b45048,Srta. Maria Liz Marques,54,Feminino,Pastor,2023-02-16
11b143e8-fae6-46e6-876a-cb0f483f4d6e,Sr. Gael Henrique da Paz,33,Masculino,Carvalho,2022-03-20
e99f3e5e-2710-43b2-b999-643447b40e4c,Alice Barros,57,Feminino,da Luz do Galho,2020-03-17
b0e7a70a-992e-419e-b10b-d560489fb6b6,Alexia Azevedo,51,Feminino,Ferreira,2024-03-13
01d9da57-abe4-453f-92df-7e8d94667aed,Sabrina Teixeira,43,Masculino,Câmara de Minas,2023-09-09
42e7114e-c6f5-488e-b8d1-f8858dfefca3,Ana Julia Garcia,70,Masculino,Carvalho,2024-03-22
f7afb01a-ea2b-4b34-90f3-2ba73664f17c,Léo Gonçalves,49,Masculino,Almeida do Campo,2020-02-05
ca841302-1162-4c6d-8a62-cefb5ed84851,Dr. Thomas Cavalcante,62,Masculino,Almeida do Oeste,2021-11-06
bd40b45a-e48a-4aaf-b525-0dfb8d27fe7c,Valentina das Neves,66,Feminino,Correia do Sul,2022-07-18
48c034e2-f3d2-44ef-bd8a-9eddac73a4cb,Léo Andrade,22,Feminino,Pinto da Mata,2023-02-01
fdd9da3b-446e-4562-a5fe-2031c6657c94,Dr. Vitor Gabriel Mendes,63,Masculino,Leão,2023-11-28
e9d26ffe-58f4-4ec7-b3b9-428f2241e1f8,Antônio Farias,63,Masculino,Araújo de Caldeira,2024-01-27
21a0ede7-ff5b-4162-926f-ee1f6fa04ca8,Luna Costa,27,Feminino,Cunha,2020-12-02
ae08127b-a981-4a67-91ba-4d967d1fe583,Emanuelly Novais,54,Masculino,Cardoso do Galho,2022-01-10
130162a7-99b5-46f4-9639-6313db854a09,Dra. Yasmin Macedo,26,Masculino,da Rosa,2020-08-10
0e061e85-d5ab-4c04-9d40-3e15b23cf8bc,Antony Vasconcelos,57,Masculino,Jesus Alegre,2020-05-11
95cb585a-a100-4737-b175-b24fdf47bb60,Gustavo Henrique Alves,25,Feminino,Fogaça,2021-06-14
fdf556a8-6b80-4b42-80e8-fc7b2000ec6f,Nicolas Marques,39,Masculino,Costela do Amparo,2020-04-12
a75dfdc1-9f64-46d7-8dca-3fd0b07efb8d,Dra. Maria Helena Macedo,66,Masculino,Vargas,2023-07-23
5b8378d5-d1a3-4203-b29f-2e0f782aca1f,Sra. Mariane Nunes,63,Feminino,da Costa,2023-04-28
94647e9d-a9ff-4975-a2f8-e6ac959b6eb2,Cecilia Pires,29,Masculino,Costela,2022-07-18
b1d0b366-154e-4ba0-8762-f2c308851832,José Miguel Castro,39,Masculino,Rodrigues de Goiás,2022-09-26
68556f73-9d8d-4835-8a8d-fe9e8663ab83,Manuela Pastor,63,Feminino,Cavalcanti do Galho,2024-04-18
44a53bf1-169e-4649-9ff5-7e1520ed9f90,Rafaela Nascimento,58,Masculino,Jesus de Minas,2022-07-02
d4956e07-aae2-454c-9741-9315708df5db,Brayan Pastor,28,Feminino,Melo,2024-05-04
aa2095c9-d205-4292-8486-221c107c7b95,Sr. Eduardo Monteiro,44,Masculino,da Mota,2023-10-21
fe8ce51e-5647-45f6-a987-6326eb7327af,Sr. Enzo Ramos,56,Masculino,Gomes,2022-05-09
8dfcb09c-2ba0-48a7-833a-7db9689fdfe9,Yago Montenegro,60,Masculino,Ribeiro,2020-08-07
6a65de4a-7b8a-43b1-ab18-30b72b9444ca,Antônio Marques,67,Feminino,Peixoto,2022-06-17
3629905c-8b37-48fb-b3a3-379f08146767,Calebe Viana,30,Feminino,Gomes da Praia,2024-02-09
f5ed5a7d-c2e1-4bb1-88a6-a54183caa928,Benício Pires,32,Masculino,da Mota,2022-12-09
8b8ce040-efe5-485f-b8c4-24a5d94801a1,Raquel da Conceição,45,Masculino,da Rosa,2024-04-20
d241ccb5-5a34-45e4-ba52-49ba2242f8e8,Mathias Peixoto,41,Feminino,Pinto das Flores,2020-12-10
87af2473-157c-4434-8b64-903296a6b856,José Miguel da Cunha,50,Feminino,Monteiro,2021-02-17
07e8b029-14ba-4643-bd78-221c10eecbea,Mirella Teixeira,21,Masculino,Sousa de Minas,2020-12-18
33a29cf4-bdaf-42e2-867d-cab717703b3c,Olivia Camargo,44,Masculino,Ramos da Mata,2024-01-26
47565f5e-31f3-49ae-99b4-3ed46661e724,Laura Monteiro,28,Feminino,Abreu,2021-05-13
5a3611da-15ab-4bd3-89c1-d3e3f4f6862c,Enzo Costela,36,Feminino,Cunha,2024-04-19
107af838-ef41-451a-9826-3c4a5648953d,Dr. Davi Lucca Almeida,54,Masculino,Montenegro de Ferreira,2020-02-23
862a6f58-2328-40ea-bf74-c96eb69968da,João Guilherme Alves,58,Feminino,da Mata das Flores,2020-06-12
45db88f6-df2d-423c-b403-93c4a3b31cfe,Ana Lívia Câmara,43,Masculino,Aparecida,2022-04-29
ccb27ec3-58b1-4d47-b8ed-e8eef22bd646,Carolina Silveira,43,Masculino,da Rocha do Norte,2022-09-10
6e486796-8a01-48ec-a2d7-7ce73553955d,Sabrina Correia,56,Masculino,Rezende,2023-01-09
011b7690-deca-44ab-bd62-3e4a47278028,Maria Isis da Costa,33,Feminino,Vieira de Goiás,2022-02-20
0f470201-dad0-4bb9-b86d-768c597e62b2,Caleb Campos,35,Feminino,Mendes da Serra,2024-02-19
4bea5924-562e-408f-8789-2f1503a14a77,Thomas Macedo,68,Masculino,Nogueira,2023-10-08
ef0be60f-e692-4a0b-9d09-16050583bae2,Nathan da Cunha,26,Feminino,Melo de Camargo,2020-01-23
86604195-1666-4ed6-baa9-5f059bfa84cd,Bella Ferreira,66,Feminino,Pires do Galho,2021-05-27
6b03803d-9631-437e-974d-a4e8413f7985,Paulo Albuquerque,50,Masculino,Cunha,2023-09-12
fec5d4d6-3aaf-45de-a895-316b2160ecb6,Gabrielly Sá,29,Feminino,Castro do Campo,2022-02-11
6fe5fb9e-1557-4fff-a400-27344d2613bc,Giovanna Ribeiro,41,Feminino,Vieira da Mata,2023-01-31
6edea769-807d-494a-b9e7-e4130cad630f,Maria Luiza Machado,61,Masculino,Marques,2023-07-03
de3441de-c662-4889-acc3-5c88606037ab,Pedro Lucas Dias,48,Masculino,Carvalho de Marques,2022-06-20
6f3cbd38-c20f-4188-bc5c-9cc590335aae,Manuela da Conceição,55,Feminino,da Mota de Caldeira,2021-10-22
8ccb2d25-4837-4068-a3a2-a190afcd40d5,Lucca Almeida,69,Masculino,Gonçalves Alegre,2023-01-13
391baa34-c3de-4db4-99ee-d7e9ef28251d,Yago Pimenta,25,Masculino,Martins da Mata,2024-04-27
a23d8f78-5a8d-4fbf-a724-5d7d8698f1a4,Dra. Cecilia Araújo,60,Masculino,Barros,2022-11-18
346d2cdc-b56a-4c12-a225-215e12f0e81d,Eduarda Silva,53,Masculino,Câmara de Casa Grande,2023-11-29
2fc1a534-68a6-4251-aee7-882e352ff646,Luiz Miguel Rodrigues,31,Masculino,Monteiro do Campo,2023-07-22
acafdf0c-b67d-4af9-9d5a-119c94b473d3,Sr. Emanuel Santos,43,Feminino,Moura,2020-08-18
1d4fd583-8d42-4c36-95ca-047b10f1039b,Samuel Novais,27,Masculino,Santos de Minas,2023-12-21
51de6e11-127f-4f95-b0a4-a4bf7a0bce75,Maria Laura Peixoto,67,Masculino,Caldeira da Mata,2021-01-09
22cc26ac-4a74-407e-969c-b9334ba3cd45,Dr. Caleb Correia,19,Masculino,Novaes de Aparecida,2020-06-06
7cff464b-a508-4acb-b814-8da8a630368f,Sr. Valentim Andrade,70,Masculino,Melo,2022-02-14
467d2ce9-e420-4359-9216-2c53510efe26,Antony Casa Grande,38,Masculino,Brito,2021-03-27
79e1aa36-d03a-4652-872f-926501204ebd,José Miguel Pimenta,69,Feminino,Santos do Campo,2021-05-29
128af025-2a6a-4e66-961c-c7846ea9b197,Davi Lucca Mendes,56,Masculino,Gomes,2023-03-08
fe779849-9618-4b70-a678-7ce336cf89ff,Lucas Gabriel Siqueira,68,Feminino,Oliveira,2024-03-16
e96f1d4f-fe8e-4e34-b60f-378bda90d812,José Ferreira,46,Feminino,Garcia,2020-05-18
029158c3-8133-4c3e-8a11-427e89146dd0,Sr. Davi Luiz Pastor,51,Masculino,Melo Verde,2021-02-13
450bbb0d-bd95-4d49-ae32-4b862de80397,Dante da Cunha,34,Feminino,Silva Paulista,2020-12-08
868f1773-10ae-401f-be3b-e18629d0b07b,Sr. Eduardo Almeida,35,Masculino,Silva,2022-05-19
2b87029b-8974-4a8d-976f-993b3916c94a,Dra. Alice Novais,52,Masculino,Rios de Machado,2021-06-17
45e62420-5cd9-4c19-908e-8ee73e53e105,Rafaela Mendes,27,Masculino,Nunes Alegre,2024-02-22
a27b6a20-6d07-4e21-8aa9-8ae8ba3c9fbf,Brenda da Mata,35,Masculino,Fernandes de Minas,2021-08-17
b6e76a04-106e-412e-a705-0bc151dbae36,Sr. Mathias Montenegro,55,Masculino,Siqueira,2022-03-12
5729d1b3-1718-4b52-b399-e0e3b6fec8e0,Luiz Gustavo Sampaio,22,Masculino,Garcia Verde,2020-03-11
b33e6f12-d7df-4754-9b1a-f4bb81527fb5,Maria Alice Aragão,38,Masculino,Rocha de Goiás,2023-11-21
c45a586a-5ad3-403b-a033-0c42cd58d4ed,Enzo Gabriel Guerra,25,Masculino,Nunes,2023-07-06
1d1a7726-d550-4852-919e-6f663518da9d,Cauê Pastor,59,Feminino,Sales,2021-05-01
1aeadd08-a240-4d03-8bfe-013a216323ed,Lívia Araújo,61,Feminino,Cirino da Mata,2022-09-15
667e3c6f-7e82-4b2d-b761-e59b19ae4d2b,Ana Liz Macedo,45,Masculino,Sá,2020-09-27
66264188-52f1-4093-8c0b-72568d8ba082,Hadassa Cardoso,31,Feminino,Moura Paulista,2024-01-03
6b31af33-a51d-4635-b0a7-e342a8a56ee1,Lorena Almeida,59,Masculino,Cavalcanti,2021-04-20
40aabd42-a862-4bd1-b89b-2a64c8bfdb43,Ana Aragão,27,Masculino,Pereira Alegre,2023-04-23
72a693bc-4247-4b7b-9950-bd9029ee18ec,Luiz Gustavo Pinto,18,Feminino,da Luz do Amparo,2021-05-06
70920069-e78d-4ff3-aff1-4c5d45451b86,Caio da Cunha,50,Feminino,Ferreira Grande,2024-04-23
8897c3cb-45a1-4752-a829-dc9ccd83c014,Srta. Camila Teixeira,25,Masculino,da Mota,2021-09-27
cabee3ee-66e4-479f-bafe-300f37cd29a3,Lucca Mendonça,40,Feminino,Cavalcanti da Serra,2022-12-22
12e8aed3-54d1-4ede-aa76-0d1b38f71714,Daniel Caldeira,22,Feminino,Machado da Mata,2024-03-08
4dd47f52-9a68-4d52-a43a-ab3e5f4eaed1,Sr. Benício Ramos,57,Feminino,Dias,2020-03-12
ce43a1e0-17fb-4e3c-953b-58970a7111fc,Isaque da Mata,60,Feminino,Cavalcante,2022-11-07
5e66b326-d217-484e-8601-9da9edf41b57,Yuri Almeida,33,Masculino,Vieira,2022-03-30
00250bd4-e4d1-4ca8-b162-fe228ac25791,Hellena Novais,38,Feminino,Martins do Oeste,2020-04-03
57f82cb2-7ccc-4909-af35-4eda74d39c57,Sra. Maria Alice Pastor,67,Feminino,Cavalcante,2022-08-27
a7672a0d-852e-45a9-90ce-ed802e511244,Enzo Gabriel Pires,48,Masculino,Mendes,2024-05-13
b4145ab7-45cc-40a9-94e7-9ea1c1b05562,Luiz Henrique Pastor,58,Feminino,Teixeira,2022-08-09
9dc146fb-9130-4d30-ab39-cf6ecb1c86b1,Ana Clara Carvalho,37,Feminino,Gonçalves de Leão,2022-01-05
1ec0715e-1130-41c2-bc67-3e9f22e26b20,Davi Luiz Vargas,49,Feminino,Marques das Pedras,2022-08-18
03f5e376-6598-4ca9-8cba-e77b1337db4b,Sr. Rafael Silva,33,Feminino,Porto da Prata,2021-09-16
5ff047e1-ea4b-4a19-9ba7-be6d6e5ec2b1,Davi Lucas Lopes,20,Masculino,Camargo,2020-11-25
ca51ccc0-c72c-42c7-8243-bf942ee90db1,Anna Liz Borges,64,Masculino,Gomes do Norte,2023-02-02
c5031284-175a-450f-adc9-a5e6bf1abaef,Srta. Stella Fernandes,61,Feminino,Porto Paulista,2022-12-02
a7603fd8-d63f-4f68-92a1-f00947806b10,Luiz Otávio Ramos,24,Masculino,Pinto,2021-10-30
b45a189c-1077-4e45-acee-f320f2e01152,Stella Machado,30,Feminino,Cavalcante Paulista,2021-09-14
2b0cdc80-1a96-4374-b6fa-6149b7818dfc,Dr. Davi Luiz Sales,57,Masculino,Fernandes,2022-07-14
92c43a00-24be-4f29-8155-32e2c12739e4,Thiago Cunha,31,Feminino,Brito de Castro,2023-05-20
c1dbd570-907a-4d88-9511-aaea29d33ddf,Clarice Nunes,24,Masculino,Nogueira da Mata,2024-02-21
596d8040-c1db-4e2a-8b72-96f731d69a0a,Srta. Ana Laura Carvalho,49,Masculino,Carvalho,2022-07-26
ce519cc3-5d1d-4789-8a36-f0ee48e16270,Maria Luiza Fogaça,25,Feminino,Ribeiro,2021-03-06
5c023cb6-df72-4ee0-8b7d-594621210671,Luiz Otávio Vargas,32,Masculino,Almeida,2022-01-06
4809788b-b842-40d8-859e-b38c2aaf3b4d,Laís Abreu,44,Feminino,da Costa da Serra,2021-03-27
2530f618-3fe1-4155-8d80-f4ce4b6a6db8,Srta. Maria Laura Albuquerque,65,Feminino,Mendes,2023-06-06
8be7ae1a-15e3-43d1-960e-5cde19f218d9,José Pedro Garcia,68,Feminino,Barbosa,2022-07-24
29048e63-52c2-463b-9474-110406d5de1b,Dra. Mariane Jesus,26,Feminino,Almeida da Mata,2021-08-30
12316b7e-cf0d-4e42-92eb-3f32448f0510,Ana Carolina Vargas,22,Masculino,Machado Alegre,2020-04-23
5d126182-6151-4691-8365-7fe0e939d56f,Sr. Alexandre Marques,60,Masculino,Nunes Verde,2023-08-04
e2c35732-dfe8-4888-b881-2316047e8afb,Maysa da Costa,45,Masculino,Cirino,2023-07-20
d9f5f7c9-c6fa-436f-b9d7-3e4f8c26518e,Nicole Guerra,60,Feminino,Moura de Casa Grande,2022-02-24
cd5814d1-b36c-48d5-8d41-a7e775f4816d,Srta. Mariane Cunha,36,Masculino,Cardoso de Aparecida,2024-01-12
5826fb61-9cd4-4ad1-b9f9-91fb637b8b4a,Sra. Maria Alice das Neves,63,Masculino,Vieira Verde,2022-08-19
7b6f88e8-b687-47ef-ad0c-e1b6a39c0c30,Josué Cunha,26,Feminino,Ribeiro das Pedras,2023-03-26
529fa0ce-13bb-41ca-882a-5c0f815e271f,Gustavo Henrique Lima,40,Feminino,Porto,2021-08-07
82e2e6ab-8f00-4eaf-9b28-8979c909dcf7,Lara Monteiro,54,Feminino,Cassiano,2020-03-16
19dffa00-4e73-4370-9b74-1374e3089c69,José da Conceição,29,Masculino,Vieira do Sul,2021-06-27
456e8ebb-f643-47a3-9adf-8a3ec7157e89,Mariah Cardoso,67,Feminino,Pastor,2022-11-29
70002a24-a0e4-480c-857a-4cfa9f3193f6,Ana Júlia Pires,18,Masculino,Costa,2021-11-24
44a5ccf0-dc02-405e-bb1a-9aa8aea828b8,Isis Carvalho,35,Masculino,Sousa de Moreira,2021-06-16
210fb09e-371f-40da-8e42-61de10c93dec,Gabriela Casa Grande,28,Masculino,Guerra da Praia,2022-10-11
d15e5ccf-003d-4881-9b57-60b0d55974fa,Kamilly Rios,69,Masculino,Machado Grande,2021-12-13
b079211d-9ad2-45ab-841c-02edc4df793c,Davi Jesus,62,Masculino,Gonçalves,2022-04-16
86f456ee-8a63-435f-96e5-b4f411c98a9d,Yan Pacheco,18,Masculino,Marques das Pedras,2022-06-19
0da74963-afbf-4517-9d50-267ef3d90399,Maria Laura Lopes,29,Feminino,Pereira,2023-01-24
12a97ea2-eefc-47c4-8cf1-1fdcc41759b7,Valentina das Neves,64,Feminino,Pires de Lima,2021-03-23
b51f8cd8-9b21-4f1b-9e10-a1d78cebd377,Maria Costela,50,Masculino,Farias,2020-03-03
60d2c641-ea17-4d7c-a3a3-495fc344524a,Ayla Cavalcante,62,Masculino,Martins de Teixeira,2021-09-12
ec85b8fd-033a-4a8e-819b-ee480b6614c6,Cecilia Casa Grande,30,Feminino,Sales,2022-06-20
5b0028cf-71d6-4a2a-a4b6-01613ee7d1b3,Maria Julia da Costa,20,Feminino,Vieira de Aparecida,2023-01-04
5a354c2f-203b-4ec3-a5f8-ff3198662ac4,Anthony Costa,67,Masculino,Monteiro,2020-10-18
9d74732a-74dd-4c81-9260-8163e6e6ff62,Pietra Casa Grande,43,Feminino,Marques,2020-04-06
5059cf49-956d-4470-8b93-0260ebebadef,Maria Helena Viana,58,Feminino,Novaes,2021-08-27
46dec1ef-b003-45d9-8986-c0593c521f14,Dr. Eduardo da Costa,51,Feminino,Souza,2021-01-04
674e279e-5c42-47db-8948-f13431383968,Vinicius Costa,37,Masculino,Nunes,2020-11-28
43e26e3a-1372-4a13-8081-7e3c42d710a9,Amanda Melo,42,Feminino,Farias,2023-09-08
818d172f-0f43-4db9-a184-6015279a391e,Igor Moura,18,Masculino,Gomes de Moraes,2023-10-27
da570670-e9c7-4e1b-bd00-6d42f58bd7c8,Lucca Carvalho,70,Feminino,Barros do Norte,2024-01-17
7b3bf36d-cb9c-4b16-95ff-c155853cb2a8,Luiz Felipe Caldeira,48,Feminino,Pires de Montenegro,2023-08-02
820008d9-2c04-47a0-a138-d346c45c66d4,Sra. Liz Teixeira,20,Masculino,Cassiano,2023-05-23
bbdeea55-0540-4900-91d2-0ee5e73cd3ae,Josué Aragão,49,Feminino,Camargo dos Dourados,2023-04-19
b9a43bc0-a15e-4c68-bcaa-844d5ceda38b,Helena Rezende,21,Masculino,Ramos,2021-01-29
d82e1025-73f6-4272-8a46-9e9857a7eeb4,Dra. Maria Laura Caldeira,64,Feminino,Sousa,2023-05-29
0ffac074-398e-4335-ad65-4f4f63132424,Daniela Campos,50,Masculino,Fonseca,2023-05-20
3f3c0630-db57-43fb-a428-e1ceedbd3f1c,Marina Aragão,29,Feminino,da Mata,2021-04-02
736b3b85-b4cf-49db-b62b-032549a0a56e,Letícia Cardoso,61,Masculino,da Luz,2022-11-09
8f31af41-efea-43e3-892b-718e8fdc0d05,Dante Duarte,33,Feminino,Marques de Teixeira,2021-02-04
c9ff65f4-972f-4ec1-887d-e237d15b4aaf,Isaac Guerra,60,Masculino,Pimenta de Goiás,2022-12-18
1b425257-8fc5-431d-a4b5-3bc587c46f3c,Ana Cecília da Costa,58,Feminino,Peixoto,2020-12-06
e843d1e2-0d1f-4235-9425-7d2240a2ee1d,Giovanna Rodrigues,53,Feminino,Rezende da Prata,2020-09-18
f812785c-6c66-451e-af2a-06e41e20cc55,Rebeca Castro,55,Masculino,Santos de Azevedo,2020-05-18
2583270d-50cd-4d4a-8662-94dfd4ddcaeb,Larissa Abreu,37,Feminino,Caldeira de da Rocha,2023-11-07
e025fe11-45ac-47a4-8b2b-19f73c067d04,Ana Garcia,23,Feminino,Oliveira de Minas,2020-05-25
a79a78dd-321b-487e-a6ca-c28e1ec3b3d9,Isabela da Costa,28,Masculino,Machado,2022-07-13
74d483b8-cddf-4c92-91df-0641b0b5467e,Noah Oliveira,68,Feminino,Moraes do Oeste,2022-10-20
29941335-0542-4c48-b0d3-b02e68343e60,Bruno das Neves,50,Feminino,Carvalho de Minas,2020-10-14
77005bd9-1eb7-497f-86f2-97e706b25468,Rafael Sousa,24,Masculino,Souza do Oeste,2023-09-29
5ff87154-3d36-45d8-850f-a697376b3fbc,Anthony Gabriel Alves,54,Masculino,Sá,2023-10-31
6663cc93-7b55-4361-a127-1d50dc68c7f8,Augusto Sousa,39,Feminino,Sousa,2024-04-26
a4fc25ba-aa09-467f-b9c3-7d767c61445d,Lucca da Cruz,54,Masculino,Costela,2021-04-27
2c3f5e79-83ee-4341-b525-0b5e4da30c25,Gael da Mota,60,Masculino,Araújo,2023-05-09
8ebcfc29-0703-4291-b9ba-b2cf4e969a1c,Dra. Maria Fernandes,37,Masculino,Novaes,2023-05-09
2bdca0ec-3f81-4d4a-8719-25f039b657a1,Vitor Hugo Aragão,24,Masculino,Casa Grande Alegre,2020-11-20
6081140a-9b08-4567-9c02-e7d3e519e66c,Laura Guerra,45,Feminino,da Conceição,2021-05-16
8ee56ebf-ca95-454e-82cc-a6be3ce60a45,Sr. Augusto Borges,47,Masculino,Aparecida,2023-03-21
46683949-c091-44cc-a5c3-eeb812c94960,Alexia da Costa,33,Feminino,Campos,2021-08-06
45cd97e5-28d6-4a48-8eee-b5c4b45b00be,Juan Alves,55,Feminino,Mendonça Verde,2020-09-28
fc749157-a6b3-4fbd-90f0-07b6107a2ba5,Valentina Andrade,69,Masculino,Farias,2024-01-25
cc4b0a64-b6b4-4ee1-9317-bcc0f42e11bb,Alexia Pastor,38,Masculino,Vieira,2022-06-16
f4b6dd0e-89a4-41a7-a4a5-f4fda5812c42,Dr. Daniel Pastor,54,Feminino,Araújo da Praia,2022-11-22
6ea2f83f-8ee3-4814-9e87-7fa365576b7f,Bento Barros,70,Feminino,Caldeira Alegre,2021-11-14
c49586ae-bb77-474a-be18-54fff41aa6c0,Brayan Fogaça,44,Masculino,Ribeiro Grande,2021-11-30
397a9b3e-2ee4-42f4-a4d0-8a842c4bc406,Levi Rios,63,Feminino,Novais do Oeste,2021-05-01
ebac0241-71f0-475b-bc23-e0a1922d7685,Dra. Maria Isis Viana,34,Feminino,Ramos,2020-01-02
e0f910e4-0212-492c-9e33-2f2402dae789,Dr. Luigi da Rocha,25,Feminino,Macedo,2021-07-16
51958aaa-6e7a-4299-99d6-28dd71b6bce3,Dra. Lunna Abreu,29,Masculino,Peixoto,2021-01-31
ddf86d78-e45d-4413-b397-75aae52a7725,Dr. Gael Pastor,56,Feminino,Casa Grande Verde,2020-11-02
ce331b3b-4122-483e-bdb3-9798ac7b7fb0,Benjamin Alves,65,Masculino,Sousa,2022-03-03
1d6f5a41-27a7-4416-b09d-332d1146defa,Alice Duarte,46,Masculino,da Mata,2024-05-12
3fa09983-823d-49e1-a235-5c0a7c9aa518,Dr. Rhavi Novais,35,Feminino,Costa,2021-11-26
b7fff269-2859-43b9-964f-9fb6d0f82b31,Dr. Antony Alves,19,Masculino,Sales do Oeste,2024-04-10
89685497-5f08-4032-95b5-7abfb9a480dc,Maria Laura Sousa,42,Masculino,Porto de Mendes,2020-06-27
ef5bd7b0-2e9a-4a86-b5d1-d42537d8c382,Camila da Rosa,48,Feminino,Campos do Amparo,2023-04-16
cfbf38f2-4d56-4d1a-997e-b12fe538839a,Cauã Souza,28,Masculino,Marques de Souza,2024-03-21
b6663244-0e66-4e75-a7f2-2864b2cc3c1c,Luiz Gustavo Viana,29,Feminino,Nogueira,2023-06-22
a0b3d4b7-7e3c-483f-b127-f1345d463d70,Sarah Ferreira,43,Masculino,Barbosa,2021-06-07
443fc2c6-c8e3-4728-ad73-b03c730f1c47,Heloisa Castro,42,Feminino,Costa de Pereira,2022-12-10
ab5a91d8-cbdb-4065-9ad5-75eec014d784,Luísa Gomes,46,Feminino,Pires,2024-03-26
f1dbfd71-fb57-4c89-a446-1ef96468314d,Dr. Matteo da Costa,53,Feminino,Marques,2020-06-09
bcec6731-9fae-4dde-84c7-65d4f5ba2200,Srta. Larissa das Neves,70,Masculino,Moura,2021-01-12
57c01be7-aaa9-415a-a044-1fa497c4d240,Vicente Pimenta,32,Masculino,Montenegro das Pedras,2022-12-11
e364fba4-7463-4c0f-8ae1-7f819d8a46af,Dr. Rhavi da Cruz,34,Feminino,Silveira de Goiás,2020-09-02
65b53ca6-b848-4653-a257-d23754b3f9c0,Bruno da Conceição,47,Feminino,da Rocha,2021-11-19
5a69905b-e4e5-4cfa-a673-a20b0b8d09ea,Thales Gomes,57,Feminino,Costela,2021-03-11
143923fc-47b4-4442-a443-c22baaa006bf,Vitor Hugo Cardoso,35,Feminino,Pires,2020-06-09
bfdfce89-5c53-46b1-802c-ec1400aaadfb,Joaquim Freitas,53,Masculino,Teixeira,2022-06-13
b847719d-5e6d-4ff4-8295-f570967399b4,Sra. Ana Martins,34,Masculino,da Conceição da Mata,2021-09-19
77e81f18-5655-4470-9d98-bdb8cfc9df8c,Otto Costa,32,Feminino,Montenegro,2024-01-21
61a8c916-a2ce-45ae-8488-3757aaf50808,Enzo Gabriel Pimenta,62,Feminino,Sousa,2021-04-10
1af4253d-7be4-4299-a85a-5c7034415877,Gael Cavalcanti,59,Feminino,Porto,2023-09-07
bcf2112f-5a94-4668-849b-149cc705429c,Dante Melo,25,Masculino,Farias,2022-04-24
209b2229-f870-4f4e-81f9-2fe3c91f5cb0,Lucas da Conceição,28,Feminino,Duarte do Campo,2021-04-07
2afd6f98-40f4-49f7-9d07-820846982e0a,Júlia Nogueira,22,Masculino,Porto da Serra,2020-01-24
231fa604-bd2b-45b3-9c3f-3e21a991c275,Gustavo Henrique Almeida,46,Feminino,Camargo,2022-08-22
cc757b73-d399-4c3f-b973-fc7eeeac18ca,Ana Beatriz Cavalcanti,23,Masculino,Gonçalves,2020-03-19
79f54309-86f7-469b-8dde-973ad33d4a06,Dr. Mathias Sá,47,Feminino,da Rosa,2020-02-29
d29ca0b9-4356-4d83-91d7-41e229e05b16,Luiz Otávio da Cunha,63,Masculino,Nascimento do Galho,2022-01-18
1abbc458-4e99-4901-99ea-244d42a928e0,Ana Clara Jesus,38,Feminino,da Mota das Flores,2022-05-24
9695a5a5-4818-48eb-a99b-3cd9c88308d1,Sra. Aylla Borges,51,Feminino,Silveira do Sul,2022-12-28
78da11bc-b4cf-4cb4-966c-46e75b036572,Enzo Gabriel Montenegro,32,Feminino,Fernandes de Vargas,2021-01-07
295a4b53-f297-419a-abf5-c70a05f06ace,Mathias Correia,19,Masculino,Cavalcante das Pedras,2020-09-01
27dfe85a-d3a4-4af2-ad97-3940407f7dae,Bernardo Mendes,62,Masculino,Cavalcanti,2022-06-02
a872b2a5-1b82-4735-bf23-61a0c9e6c0d7,Srta. Ágatha Peixoto,45,Masculino,Pimenta do Sul,2023-08-20
4d057c96-c89a-4489-b998-022c2efde1cd,Luiz Henrique Cassiano,63,Feminino,Andrade,2024-05-07
58f8b582-c7e4-4707-88ac-26a5814d4461,Thales Costela,24,Masculino,Borges de Brito,2024-04-27
63f73564-979f-46a8-96e5-1a7c1e8c811f,Maria Cavalcanti,67,Masculino,Pires das Flores,2023-04-26
9ed467c9-76c6-4456-8786-ae13abae1b89,Stephany Lima,29,Masculino,Camargo da Mata,2023-04-30
10088fbf-074c-4aba-83c2-f252efd8c51c,Sr. Thales Santos,44,Masculino,Costela,2020-08-08
97fb8d49-4308-4667-839b-75cd92078abf,Dr. Leandro Marques,70,Feminino,Pacheco,2022-11-23
e5f3b65e-7187-4e93-bc81-e3d3abddb053,Calebe da Cunha,46,Masculino,Aparecida,2024-02-20
04993b55-4571-4e49-ac11-483388063c5a,Maria Sophia Carvalho,70,Feminino,Novais,2023-11-05
2870e675-7cbe-435b-aca8-98857013a589,Benicio Almeida,56,Feminino,Melo de Sales,2021-10-21
fb9e92a5-595a-43dc-8f14-ec2a6636755f,Pietro Correia,47,Feminino,Pinto de Silveira,2021-12-29
35c9e732-4226-4072-9970-df8237d295cb,Dra. Anna Liz Pinto,35,Masculino,da Luz da Mata,2024-02-18
59418492-53d3-4906-bd83-acdc8e6960a1,Luigi das Neves,35,Feminino,Sá de Minas,2021-03-30
96eb2fe4-53f8-4717-b99c-a8f83d0b8899,Dra. Luiza Cavalcanti,41,Feminino,Azevedo,2020-05-07
1d468e27-d8ae-45e6-b345-67ca011837ee,Sr. Gael Henrique Araújo,19,Masculino,Sales Grande,2022-09-01
a3a00ce6-e8e0-4f0b-b04b-bac1a3f9e680,Anna Liz Ferreira,46,Masculino,Barbosa,2024-03-10
71a49581-5405-41ff-b093-98a38e9bcfbf,Dr. Luiz Fernando Freitas,70,Masculino,Lima,2022-03-23
afdef445-f8af-4c85-afdc-d8d2e7d3e173,Sabrina Cavalcante,63,Feminino,Monteiro,2022-11-28
8d1fba30-39fa-4d4e-b524-979008d61f33,Sra. Maya Costa,69,Feminino,Correia,2020-09-04
90996f35-4c3a-4329-bcbf-8e1f14d5e995,Aylla Campos,52,Masculino,Pastor,2021-03-31
2ea3027f-94ad-42f6-adc8-aa6f2836cec6,Rael Costela,42,Masculino,Rodrigues das Pedras,2022-12-19
9503390f-de94-403a-9ef1-1c4490d93125,Sra. Juliana da Mota,49,Feminino,Machado Alegre,2020-07-09
db1d0d53-fa09-4f22-8584-f5e36b38ed58,Sr. Gustavo Henrique da Mota,58,Feminino,Pastor,2021-08-17
dd40660b-81c7-4999-8740-34875abc3209,Marcela Novaes,55,Masculino,Vasconcelos de Barbosa,2022-02-22
3a2cfc4b-602a-40c1-9533-b8d7b1857c6f,Srta. Ayla Correia,43,Feminino,da Mata de Farias,2021-03-30
2b58da83-9219-4dd6-aa9d-46f11ee2c00b,Lunna Peixoto,28,Masculino,Leão das Pedras,2020-07-17
f87f842b-855f-482c-8a64-02d11ff2ba52,Olívia Leão,36,Feminino,Araújo,2021-07-23
79013169-e9e6-45e4-8d9b-9bd24107b895,João Guilherme Cunha,47,Feminino,Vieira,2021-05-21
36f2f678-fe6e-4025-88ac-7fd8c9df797b,Dra. Maria Eduarda Pinto,30,Masculino,Costa,2020-01-20
67f1fc34-cd1e-41c0-aa9e-b2d8c8c38f28,Dr. Henry Borges,46,Feminino,Viana da Praia,2021-10-29
a79a1053-f8c2-4f6f-9831-176be647028b,Sra. Luna Mendes,46,Feminino,Pereira da Praia,2023-07-12
c72a3d3a-08ba-4c5d-b676-2063d7d21d2e,Mariah Andrade,56,Masculino,Gonçalves da Praia,2021-03-03
2d1c6672-c0b1-4144-8f0a-5bdff6c502f9,Rael Ferreira,35,Feminino,Carvalho das Pedras,2022-07-24
193cb231-8175-401b-9158-cb061a90d67d,Srta. Carolina Azevedo,40,Feminino,Andrade de Pires,2024-04-10
75af9fa1-e4e8-4fa6-8c25-fd847d7a18e5,Dra. Yasmin Souza,34,Feminino,Lopes do Galho,2021-01-12
ff9fb77b-b6c6-4066-956f-1943c8023973,Maria Júlia Vasconcelos,21,Feminino,Garcia Verde,2020-02-07
37918a4b-4017-426b-add9-ccf80fb73ad9,Carolina Gonçalves,34,Feminino,Montenegro,2022-01-26
feb18bdb-6037-43cf-8d43-959133c5182d,Dra. Larissa Silva,51,Feminino,Câmara,2022-09-13
23b3ce06-bc0a-42f6-96f0-67eb8a9a105a,Cauê Fonseca,29,Feminino,Fonseca,2024-01-18
4b8b7d32-4130-4c11-a906-5794f316676c,Sra. Vitória Sampaio,47,Feminino,Sá dos Dourados,2023-04-04
b90ae13f-aa39-4ddf-96c7-c4634f7469df,Srta. Ayla da Costa,32,Feminino,Porto do Sul,2023-07-29
7d7e913c-939b-4d09-9610-6885b7414c79,Sr. Vitor Gabriel Pereira,65,Masculino,Câmara,2023-10-16
63601ffd-148b-4c83-afb6-44d81ca2d51f,Daniela da Luz,63,Feminino,Araújo,2023-03-29
779330b7-8827-4efc-b0c8-0731758aedb4,Luiz Fernando Nogueira,38,Feminino,Jesus,2022-06-05
a4c5b6af-63d9-42cc-8f28-326c10834f86,Ester da Mota,20,Masculino,Porto Alegre,2022-10-05
1f68f01f-c58b-416f-b601-8365fa7241ca,Sra. Caroline Moura,66,Feminino,Moraes de Moreira,2023-04-24
a9129fcf-7970-4e18-beda-a18b3fbd71de,Sara Pinto,50,Masculino,Farias,2021-01-04
ab90ccc6-c724-4989-baf6-442e415c9f24,Srta. Laura Castro,27,Feminino,Rodrigues,2023-10-02
a4fe5472-8b60-4760-b435-800941197643,Levi da Rosa,66,Feminino,Rezende da Serra,2020-12-04
4f041e8f-2cc6-452f-b178-27a4d12afc1f,Allana da Paz,32,Feminino,Vieira da Serra,2020-04-16
7f53ed32-a345-495f-bb13-78fe032ff996,Antonella Cardoso,65,Feminino,Moura,2021-12-16
bb0d152f-6b19-4a2e-a34f-e63b7907729c,Emanuella Sá,60,Masculino,Jesus de Goiás,2023-03-19
183adb51-9287-4303-8352-1c6475a7fc38,Dr. Leandro Silveira,31,Feminino,Mendonça,2020-12-30
38537854-a42f-468b-91a2-f5589fcc15d3,Asafe Castro,30,Masculino,Pereira de Azevedo,2022-09-09
bb4ecb4a-ce62-4528-8729-68630f268e53,Maria Cecília Cunha,42,Masculino,Souza do Galho,2022-08-31
a996cbe8-1967-4efe-80d0-6ddf5e9893cf,Dra. Fernanda da Costa,20,Feminino,Machado,2021-11-30
2a05b92a-7b98-4814-ab28-a4f988aee5b8,Sra. Sofia Montenegro,46,Feminino,Fernandes Grande,2022-07-01
bcc912d7-11b3-4d35-81c6-5c24f800813e,Calebe Pereira,54,Masculino,Moraes,2020-08-02
871e3c02-8b00-41de-8233-52709d83a91a,Bruno Moura,32,Feminino,Rios Alegre,2020-01-21
ea691800-7438-4a55-9ef8-1a2f2fb2dcb9,Sr. Rafael Rezende,34,Feminino,Farias,2021-04-13
f7eb9f31-809f-4ce3-bc67-a17b08a0b71c,Eloá da Costa,30,Feminino,Silveira,2023-12-29
aa90cb0c-bdcc-417c-8b92-635a62ec0e84,Murilo Ferreira,20,Masculino,Câmara Alegre,2022-12-22
7efba0c1-76bd-4a5c-a915-6946114ba3e3,Arthur da Luz,57,Feminino,Cirino,2020-01-14
54b48e64-0449-4b7b-9a90-88dd222f6bc2,Dr. José Miguel Sampaio,52,Masculino,Pereira,2020-09-22
f7da6774-c232-4815-ae22-d30c90137298,Benicio Gonçalves,57,Feminino,Silva,2022-04-10
2897d73e-7c22-4a86-a03d-5a76e37990f4,Benjamin Carvalho,42,Feminino,Montenegro de Borges,2021-09-23
86293646-2fd2-4e05-8315-8ebad93d58ff,Sr. Vitor Ribeiro,24,Feminino,Barros,2022-08-11
a51473d3-5cc0-44e5-87f2-e4e09bb0976f,Ana Sophia Azevedo,68,Masculino,da Paz dos Dourados,2024-03-03
d5ef4dbd-f8ee-41fb-8487-cfe5814d6922,Dr. Calebe Nogueira,18,Feminino,Sousa,2020-09-19
fee6c358-7cef-4791-b8c7-3fb0dd215952,Giovanna Moreira,36,Masculino,Moraes,2023-03-28
19d21fd0-2fb9-43e0-9ad9-e60485b0a2a7,Emanuella Silveira,25,Masculino,Montenegro da Praia,2023-09-26
4ad4b124-ed8b-4cea-ac3c-32bd9e440f38,Melina Alves,53,Masculino,Garcia,2021-07-15
6e30f503-dbb7-4cb0-bb60-b71de4402f1b,Srta. Ester Nogueira,21,Feminino,Albuquerque,2021-07-23
ddc7aa02-1538-4e3f-9120-d562e62f77bd,Sarah Freitas,32,Masculino,Nogueira do Campo,2021-06-09
15d8253a-c22d-45cc-a18c-5b21ff142394,Guilherme Melo,50,Feminino,Aparecida,2020-02-15
c2e849fa-2970-4db3-87fa-352127da1107,Maria Liz Nascimento,36,Feminino,Costa,2021-11-02
908c7563-af46-4bd8-a357-de1ea4dc4624,Sr. Vitor Hugo Pinto,40,Masculino,Pereira de Novaes,2023-10-01
4e9d4de2-f058-4956-b310-881bcbf21f02,Laís Sales,47,Feminino,Aragão Verde,2020-08-18
42f855bd-14d6-456c-bab0-53a635e27833,Helena Carvalho,62,Feminino,Novaes do Campo,2024-01-17
2b918091-29c7-4823-b6cb-23cb502ea132,Léo Oliveira,34,Masculino,Albuquerque de Vargas,2020-11-12
a130f165-22a1-4d03-9257-4fcbbb562bb2,Raquel Lima,36,Masculino,Pimenta do Amparo,2023-06-10
9a2f8db2-b8d7-47bf-a3ac-ec0343320e39,Henrique Machado,19,Feminino,Freitas,2021-03-13
dc0d05f2-e418-4fd7-99d5-e30b73d89de0,Alice Melo,70,Feminino,Nascimento da Mata,2023-03-18
bfb9d66d-d243-44d5-ab8d-54c83a0ae189,Guilherme Nascimento,60,Masculino,Casa Grande,2020-09-26
93dbb566-85b0-40da-b57d-71ea802a14d1,Benicio Cassiano,41,Masculino,Nunes dos Dourados,2020-02-24
88f97b33-a299-46ca-aed4-0307766a7752,Mateus Aragão,64,Masculino,Alves de Goiás,2023-03-17
7fd41fa0-40e6-4749-9292-67bc75256343,Thomas Melo,21,Masculino,Duarte do Galho,2021-02-12
5b00e0e5-67c5-44e8-9ffb-6dda30ec5b85,Dr. Otto Barros,55,Masculino,Nascimento de Viana,2023-02-07
9fbc1ba0-5064-4848-9add-b68926f43512,Maria Flor Moura,64,Masculino,Mendonça da Serra,2023-01-10
132de965-6cf8-4f72-9fa8-689a44c0f964,Dr. Vicente Mendonça,23,Feminino,Montenegro,2021-08-20
ce544a97-2abc-4d15-977b-a4ad7015431b,Davi Lucca Rezende,58,Feminino,da Rocha,2020-09-24
9ead4612-5263-4441-af2d-0ec6b2f5faaf,Maria Flor Alves,53,Masculino,Castro,2023-08-16
5c7b49e2-1cf2-4dce-81e4-567a6abfc5c9,Laís da Conceição,63,Feminino,Sousa,2023-05-04
96ad76bb-eef8-4712-93c2-9fd4b962831b,Bruna Gomes,67,Masculino,Vieira,2023-05-22
84782e50-8e77-420f-92af-97957faf10c4,Elisa Aparecida,68,Masculino,Pires,2022-03-24
31dcb894-1f19-4f86-880a-22bc2e1e89ab,Danilo Pimenta,39,Feminino,Aparecida,2024-04-02
46bbc3d7-6c60-4230-bc44-a6adae0a4f68,Mariana Abreu,43,Masculino,Novais,2022-06-11
f5ec4436-1b30-44c4-8b05-03d1d3dfdab8,Eloah da Rocha,55,Feminino,Marques,2023-12-22
24737d98-9ac5-4c61-83d7-dfbf64376027,Sr. Enzo Gabriel Porto,37,Masculino,Moraes,2020-06-30
abe7ac7b-89e6-48a4-9558-d509dcd55693,Milena Cassiano,29,Feminino,Pastor do Galho,2022-06-07
077ff2b0-3be8-459d-993a-b59ca3138394,Pedro Martins,33,Feminino,Silva,2023-11-16
d1960cd6-4783-4c0c-879e-a840ed6df323,Gabriela Nogueira,56,Feminino,Almeida,2024-02-17
4fd6b3dc-cc7d-4680-b479-6c1c3070c92e,Sra. Liz Oliveira,31,Masculino,da Cunha do Sul,2023-05-08
25e0c6d2-a0c8-45a9-9d94-7f7f267e496d,Theodoro Fonseca,18,Feminino,da Cunha,2024-01-02
2f0a055e-7ad8-43ec-aa68-1b52c4af19de,Ísis Lopes,19,Feminino,Freitas,2021-08-06
53f234cf-9dda-48b4-8113-e722a5ebe7f1,Sophia Vieira,30,Masculino,Monteiro,2020-01-22
d9d04181-3e89-47f9-a44c-340449b5f326,Levi Nunes,64,Masculino,Albuquerque,2023-08-07
22e86f10-3071-4792-996e-93142866eff8,Anthony Camargo,56,Feminino,Viana da Serra,2023-07-12
cf34ad2c-f5dc-4c9d-8c1a-a4dad2188774,Vitor Gabriel da Rosa,65,Masculino,Cavalcanti de Gomes,2022-05-08
f7cacd57-0141-4e50-8a21-10a0fa7a6f99,Joaquim Azevedo,70,Masculino,Ramos Paulista,2022-10-13
45872021-3b95-47ef-b6d5-fd145348a719,Alícia Machado,61,Feminino,Fogaça das Flores,2023-02-20
8c34b845-f1de-42c0-a356-07442d0c6a56,Luna Martins,68,Feminino,Sales,2022-10-01
367b03a0-7dc5-49a2-9604-2522b0da435c,Pedro Andrade,26,Masculino,Peixoto de Sales,2020-04-29
7c28db0b-c6df-4bf7-acbb-29dbe4378aad,Matheus Pacheco,44,Masculino,Monteiro de Monteiro,2023-06-28
6cb3cee8-cbc9-41fa-957f-b804a83e9375,Paulo Barros,53,Masculino,Peixoto dos Dourados,2024-04-13
d5e00dbf-aca9-4404-a219-377be4cfc74b,Calebe Nunes,27,Masculino,Nogueira,2023-02-22
7db8d811-71c9-467f-bfcb-bab7665dafcd,Oliver Rezende,30,Masculino,Castro,2021-07-30
23db84ea-61a4-4ba9-be6b-92958e96a7f8,Dra. Juliana Teixeira,50,Masculino,Machado,2023-05-19
01e14d36-924b-4e33-874c-fd24bc066bd2,José Miguel Marques,51,Feminino,da Cruz,2023-05-30
a48fd6cd-03a5-4808-a433-5ba12f7cdc6e,Ana Vargas,69,Feminino,Castro do Amparo,2020-08-10
7462966f-7706-4d66-ae70-d02d5042a9a0,Allana Novais,36,Feminino,Rezende,2021-01-22
f1263fa7-6785-41a8-a08b-5c1a5379a476,Gael Henrique Fogaça,20,Masculino,Farias,2022-04-10
fe4189e1-099a-450c-b785-d7f61980a40f,Thiago Lima,30,Feminino,Barros,2021-06-25
235163d7-ed92-4750-994d-b0e7310cbfac,Vinicius Borges,40,Masculino,Aparecida,2021-07-16
f2d45ba4-5127-4cf8-aa22-33afaa9a569c,Dra. Milena Pimenta,46,Masculino,Pacheco,2023-12-22
42783965-04e1-4b51-bbf1-52f332cd65cf,Melissa Teixeira,52,Masculino,Novaes,2023-04-15
95df08b3-da7e-489b-a19e-166d36265802,Vitória Cardoso,44,Feminino,Novais do Galho,2023-04-13
14bf31c0-b572-403c-a784-2cf13844cefe,Gustavo Sampaio,32,Masculino,Macedo de Duarte,2023-12-03
1416c5b4-d053-4064-854e-73a71dff434b,Sr. Vitor Costa,61,Masculino,Correia,2020-06-30
333f6f42-e7a7-4873-9a05-95b10687d811,Matheus da Cunha,39,Masculino,Ferreira de Gonçalves,2021-04-12
a4a14fed-e842-40e5-a90d-a540959c8ce1,Sra. Joana Costa,44,Masculino,Vargas,2023-12-29
59ca9e81-ca86-4fa3-97a2-580f203b3e7b,João Guilherme Araújo,41,Feminino,da Luz,2024-02-23
9fdc69a7-0c0b-47f3-9fb3-8bcc2303619d,Benjamin Machado,51,Masculino,Jesus,2020-10-14
34ac7d95-be12-4bac-aa9d-d88844092e81,Dr. Gustavo Guerra,32,Masculino,Marques de Minas,2021-01-16
9e31582f-e485-4cf5-b3fb-60b62f739701,Srta. Yasmin Silveira,38,Masculino,Viana,2023-10-10
1cfdff86-4478-4d71-ae71-c32dd830fcda,Cauã Montenegro,22,Masculino,Rios de Marques,2020-01-14
6358be94-9d3c-48ba-8dc7-3126db3202db,Mirella da Rosa,37,Masculino,da Cruz de Câmara,2021-10-18
a00fdb6b-92d4-42a0-b513-2cbb1a103334,Luiz Otávio Duarte,37,Masculino,Farias,2023-06-09
18f0a5e1-4526-4056-a848-8f24eae02e2f,Brenda Ribeiro,23,Masculino,Pereira de Viana,2023-04-24
7662bf9c-3769-48cd-a271-b6ead5a9743d,Sr. Lucas Gabriel Siqueira,53,Feminino,Cardoso Paulista,2022-10-30
5c92f0b1-88e0-41dc-886a-0a7b43185957,Dr. Vinícius Araújo,30,Masculino,Cardoso,2023-07-13
a2ca642b-72a8-4e43-91c5-d01222a46fc6,Theodoro Gomes,53,Feminino,da Mata,2023-06-12
60e9f7a8-0c69-46f7-ad24-5850cb269611,Diego Farias,48,Masculino,Pacheco,2023-04-10
559e09e5-7f70-4bf0-a8e4-b11c12e9b034,Dr. Kevin da Rocha,31,Masculino,da Paz,2022-07-21
b2bfcf04-7829-4689-afe5-78882540eac3,Heitor Pimenta,67,Masculino,Moreira,2023-02-19
760be6fa-88e9-48d1-ada3-7585e5cdb1d3,Olívia Silva,66,Masculino,Andrade,2024-02-20
2e7212c2-a24d-4e5a-aea3-14974eb7881c,João Miguel Fogaça,48,Feminino,Silveira do Sul,2020-07-05
f5f8f4dd-b300-4b72-b1f1-4fc40abfc5f3,Kaique Novais,61,Masculino,Gonçalves,2023-10-03
8c2c7629-0667-449d-8442-ef846ee0429a,Heloisa Oliveira,63,Feminino,Lopes,2021-08-31
96e3b631-f007-46d7-a840-9511a853d763,Srta. Maysa Fogaça,68,Masculino,Casa Grande,2022-09-29
a4b3b55f-a2d7-48a0-93a6-7763a360c6e5,Ana Laura Viana,48,Masculino,Ferreira,2020-09-04
c8d92d97-3271-4545-9269-c5611933e902,Pedro Carvalho,43,Feminino,da Costa,2021-07-31
f773bdb3-7b72-4f9a-9c2e-86d5be06d436,Beatriz Sousa,59,Masculino,da Paz das Flores,2020-07-09
17bf4832-b48a-4bfc-9986-0645150d19b2,Dr. Levi Rios,34,Feminino,Campos,2024-04-06
e22b6528-0322-4d23-8b2b-bf7d41a0cf97,Joaquim Alves,43,Feminino,Nogueira das Flores,2023-02-21
6cdb006a-7901-4625-a873-b5d6819a214c,Catarina da Mota,21,Feminino,da Luz de da Paz,2020-02-04
4578d619-bfb3-4d08-ae06-40d0922618eb,Julia Mendes,25,Feminino,Cassiano,2024-03-19
591e0543-1f56-4f0f-83f3-d5ddae885b20,Caroline Sampaio,44,Masculino,Souza Alegre,2023-07-07
54dc1038-cc8a-484c-8dab-fbe9e9f96881,Valentim Guerra,64,Feminino,Mendes,2023-12-15
b5fdad0b-5c18-4d5a-a163-c10761bc3636,Larissa Andrade,67,Feminino,Martins,2020-01-02
a963330a-3fa7-491a-8d6a-45d4ad26c58a,Sara Almeida,34,Masculino,Mendonça das Flores,2022-06-06
4b24c1bd-e20b-487b-9b80-63fec9224d86,Aylla Souza,64,Masculino,Costela,2021-07-23
ca0e704d-3ac6-4c07-acf1-b796fc062bb4,Erick Caldeira,35,Masculino,Alves,2020-09-12
2011d3ce-94e4-4577-9512-a36ec9fe1c6f,Antony Souza,18,Masculino,Correia,2022-11-04
94f605a7-080d-4f25-9512-d40fdb81fb95,João Felipe Oliveira,55,Feminino,Almeida do Sul,2024-01-26
8d846c89-dc60-4ba1-8e02-0849c395ccea,Luiz Henrique Correia,67,Feminino,Moraes,2021-02-13
d5c08c21-b0d3-4906-a2a2-4855de4dc845,Diogo Sampaio,66,Masculino,Lopes do Norte,2023-06-16
58f02aac-6e84-40f8-b79e-55f039ab58ce,Nicolas Montenegro,70,Masculino,Nascimento de da Cunha,2020-01-26
3119eaeb-47ca-4968-a16b-a5c6acf9e784,Esther Câmara,39,Feminino,Novais,2024-01-04
2158c0bb-09d0-46fc-9385-4f8a9b188c79,Carlos Eduardo Rodrigues,62,Masculino,Farias,2022-02-15
6b4e25f2-7c10-40cb-9905-4a766d2a0924,Arthur Pereira,40,Feminino,Brito,2023-11-13
7719904c-e2ae-4a1c-ae9f-5d2bad5cc0dc,Diogo da Paz,53,Feminino,Castro da Mata,2020-04-10
774c778d-c0ad-4318-ac13-af59378c9f4c,Sra. Alana da Cruz,37,Feminino,da Costa de Campos,2022-12-08
a05b46fd-15a9-4520-b580-24dd20f8d0b8,Henrique Moreira,62,Masculino,Albuquerque,2020-10-26
ea5e6d75-b473-471c-9dde-ef9c09d4a422,Fernanda Guerra,55,Feminino,Pires,2020-09-14
690f35e3-d493-4944-b2ee-e2daf6870c65,Rael Sales,44,Feminino,Peixoto do Sul,2023-01-21
4e2a5868-8dd7-4ec8-88b7-ff6fa39f6310,Enzo Gabriel Souza,46,Feminino,Dias,2020-11-06
a8c82745-031a-4d88-a85f-bcfac335e6df,Levi Vargas,34,Masculino,Leão,2020-09-21
9f572a0c-3209-47a9-a6dc-810614d5df2a,Dr. Léo Pereira,33,Feminino,Freitas de Macedo,2020-03-28
f4a1b8ad-db69-401c-8d35-b120d55e1e99,Dante Albuquerque,39,Feminino,Brito,2023-08-12
9b4568d8-0caf-4ba8-b099-a05bf62f34e2,Beatriz Sousa,46,Masculino,Alves,2024-03-28
6f0f0c51-5790-40ce-b6db-bc0f19371124,Sra. Melissa Costa,45,Masculino,Rocha,2024-02-01
1143b522-8f5e-4b1a-a830-1af955257383,Sra. Maya Moura,62,Masculino,Vasconcelos do Norte,2022-01-04
6fed3356-3055-4fe3-b429-0a9e79e79322,Dom Castro,42,Feminino,Fernandes,2023-05-01
527af672-9d57-425c-a3d6-09219837c19c,Matheus Teixeira,41,Masculino,Moreira de Goiás,2021-11-20
cc8761e9-d323-4623-899a-e3c2ee652241,Luigi Souza,25,Feminino,Montenegro do Sul,2020-01-11
651f0a92-9a70-4db0-aaba-87e54987be67,Kevin Marques,68,Masculino,Almeida do Sul,2020-06-16
519f4814-39c1-4f1b-9ad6-7c300a226229,Srta. Maria Júlia Ferreira,59,Masculino,Lima de Goiás,2020-12-02
4bad252f-be18-41a1-800e-cbe18bbaaeb9,Eduarda Pires,59,Masculino,Moreira,2023-01-30
5ba3d914-ad40-4f3d-a091-37e1c9dcced7,Lara Melo,51,Feminino,Abreu do Amparo,2022-09-30
8359edc9-c483-49dc-9654-b7d5292eb2a9,Srta. Sophia da Paz,60,Masculino,da Rosa da Serra,2020-03-31
b8acf9e2-3681-48fd-bd7c-e2e7a1ab1363,Sophia Vargas,43,Feminino,Novaes,2023-09-26
d606f21d-9cfd-42fe-b48e-f267d783a3db,Ana da Mata,51,Feminino,Nogueira da Serra,2021-07-12
2287747b-260e-4c00-b1ea-8dde94cd3ec4,Dra. Alexia Aparecida,69,Masculino,Silveira,2022-02-13
fd83e646-b209-4480-8179-61b5e810b924,Luiz Felipe Camargo,33,Masculino,Marques Paulista,2021-07-26
8f5b8ec6-70d5-4a0e-bd41-50dfd9ab0470,Sra. Gabriela Martins,44,Feminino,Dias,2022-05-31
a3066e28-4d03-441b-9f5f-fea881ff4fd6,Samuel da Paz,22,Feminino,Mendes do Norte,2020-06-21
840f4ea8-843c-4dac-821e-f0d4a3f7ebf3,Lorena Barbosa,21,Masculino,Lopes,2021-11-28
19ac5017-4ea1-4d0b-a13e-122f9226c04c,Mathias Oliveira,37,Feminino,Freitas,2020-06-19
33e2f776-c089-4ff6-b7c9-2296225cff11,Lara Rodrigues,40,Feminino,Silva Verde,2023-07-29
f2d472fd-1cb2-4cdd-a4e3-3e4d3d1ed810,João Costa,57,Masculino,Machado,2021-05-27
2c8b9ad2-2fd8-4c28-bbae-15d61b28a26b,Anna Liz da Rosa,53,Feminino,Borges,2021-01-17
9ac1dcf9-e59a-4176-9334-8d14e06971ce,Srta. Fernanda Moraes,58,Feminino,Moraes da Praia,2021-12-02
ddc9fe83-7ea9-4db4-9b0f-4b5e4083c777,Sr. Luan Oliveira,62,Feminino,Mendes de Minas,2024-04-17
0df2d22a-9041-494b-a736-39a1c6c51553,Bryan Azevedo,34,Masculino,Gomes de Goiás,2020-07-13
27606918-781e-4c60-9d53-fd61ea380b6f,Vicente Aparecida,67,Masculino,da Costa,2020-10-29
b0e34a59-b759-435f-8b5c-2484346dcae1,Alexandre Moura,66,Masculino,Carvalho de Porto,2021-03-21
ed3342d1-2a16-4a27-8229-5778d97c5b73,Ayla Ribeiro,63,Masculino,Leão de Pinto,2023-03-09
d77352b0-cb36-4f3a-82a0-3c0e0c166fed,Josué Rocha,67,Masculino,Rocha da Praia,2023-03-06
6174f784-0bf1-430d-8726-e77bd995c8cd,Renan Novais,44,Masculino,Moraes,2022-08-11
782aa961-ffcb-4c59-b471-173632689f4e,Leonardo Fernandes,59,Masculino,Cirino do Oeste,2024-05-10
ba814ff8-3c3f-41f2-8817-7ee4d61c4983,Maysa Aparecida,52,Masculino,Macedo Verde,2023-07-02
34d6501b-e233-4c97-9356-5ff228b5711d,Ana Liz Martins,18,Feminino,Viana,2021-11-24
42729fee-e935-419e-ad6a-aa5cc8bdfa15,Jade Farias,40,Feminino,Gomes,2021-08-01
036177bc-e0c4-4851-97de-0cbca3b0af7a,Vitor Gabriel Silveira,48,Feminino,Novais de Lopes,2024-04-25
ebe41c09-fee2-4ef6-9993-3aa3c882c4bb,Mateus Vargas,38,Feminino,Barbosa,2024-03-25
fff9e09c-2630-4bfd-b642-23015eeebae0,Ayla Leão,44,Feminino,da Costa,2021-02-21
b6c9c8be-4845-466d-97b9-a715d4160d9d,Maria Luiza Rezende,29,Masculino,Araújo de Barbosa,2021-06-25
58515ddf-1540-42bb-927f-c1878d395df2,Srta. Nina Marques,52,Masculino,Almeida de Carvalho,2020-09-05
bad95750-a61d-4685-93d0-9ebd9be19900,Heloísa da Conceição,57,Masculino,Jesus,2021-01-13
436d899e-ee67-40d2-9045-a56c49ae8b05,Asafe Moura,43,Feminino,Cassiano,2023-09-18
e0698a79-f3e4-4333-a32f-9f4591018049,Maria Fernanda Nascimento,32,Feminino,Ribeiro,2021-02-27
444d7da0-02d4-44d9-937b-a39fdd27da64,Dr. Henrique Jesus,51,Feminino,Camargo da Mata,2020-11-12
0d0b3b8f-92c5-4ebb-ae6f-2f35b333a700,Benício Araújo,43,Feminino,Mendes do Sul,2020-07-14
d9e206b4-dcee-4fc6-a706-9e41c8880e7d,Srta. Agatha da Mata,37,Masculino,Sales,2023-09-02
5bc4faaa-4f6e-4f31-9095-d0869a35bc06,Sara da Mota,50,Masculino,Gonçalves,2022-10-05
69320a90-f21d-4bee-8466-3780c3113f81,Luiz Miguel Pimenta,45,Masculino,da Mata,2022-08-17
f95dc9cb-5739-4096-bbc6-12bbce45a82a,Arthur Gabriel Vargas,37,Feminino,Abreu,2020-12-03
b6241280-9d9c-41e8-bd27-1fe057a677ac,Ana Luiza Castro,30,Feminino,Gonçalves,2021-06-10
91627b08-1b6f-4b2e-acb5-040b8f37647b,Luísa Araújo,44,Feminino,da Costa do Amparo,2023-10-23
ae687460-0f52-4681-94ab-4a59e1aa7333,Gabriela Fogaça,52,Feminino,Macedo,2021-12-14
523fe91c-9828-407e-91e3-0e9ec70203e6,Luna da Cunha,44,Masculino,Leão de Oliveira,2024-02-19
e8a73560-c0af-44ea-a7fd-f806003dffbc,Felipe Abreu,27,Masculino,Borges do Campo,2020-01-30
2b721188-9934-46df-b44f-f41a04fd3efe,Maria Júlia Cirino,35,Feminino,Abreu de Santos,2024-02-14
800f17a3-f8ee-47aa-a9a1-29f5e8aaf6d0,Gabrielly da Paz,64,Feminino,Melo,2020-06-13
5cd8beeb-750f-46e8-af92-23c935c28881,Dr. Gael Aragão,66,Feminino,Ramos,2021-05-25
6b006229-afad-40d7-8554-a47cd22c2beb,Melina Sá,61,Feminino,Garcia,2022-02-25
6508fb91-a2d2-4f1f-be34-9bea9c00b870,Sophia Ferreira,28,Feminino,Martins do Amparo,2023-02-09
0c763950-a3a3-4a3a-b138-e15a28c2b7c3,Caio Aragão,42,Feminino,Casa Grande da Mata,2021-03-05
1508bf8a-b3a4-4ba6-acd7-279c828f18bd,Ana Lívia Barros,44,Masculino,Aparecida de da Mota,2020-01-11
34fe2a6b-250d-4511-bf4f-d458f58ce1f2,Clara Almeida,41,Masculino,Nunes de Pires,2024-03-23
273b40a1-1916-4f53-99db-4f85c00a732c,Guilherme da Conceição,62,Masculino,Melo,2022-12-22
208ae841-98ec-425c-985c-7d471eeef368,Marcela Santos,35,Masculino,Moreira,2023-09-30
ee524dce-8fd3-4251-8272-88681e14aa21,Laura Novais,21,Feminino,Souza,2020-06-08
066ff7ab-d8aa-485f-8a37-56cfd18b6812,Luigi Cavalcanti,48,Feminino,Freitas de Azevedo,2020-04-09
10a7fd31-47cf-48f2-aa3e-70e196360d7a,Dra. Isabella Correia,38,Masculino,Caldeira de Mendonça,2023-06-17
fca2f85b-fbe7-49c6-b6d8-2e46bf4397fc,Davi Luiz Campos,32,Feminino,Vieira,2021-04-01
4cbbfd38-4d12-4e86-ba18-35961aad4e39,Maria Eduarda Vieira,20,Feminino,Leão,2023-04-03
dfe50360-db28-453a-a7e0-916dd5b3ff97,Antonella Farias,64,Feminino,Vasconcelos,2022-07-09
360938a2-c2e2-4cf5-a8ea-210e0e459eb9,Lorena Garcia,31,Feminino,Siqueira Grande,2022-06-04
8069e53b-8911-44db-a2b5-fa96a4966adf,Sofia Silveira,27,Masculino,Moura,2021-07-19
fc873f90-1708-4803-8321-775eeba83d4e,Kevin Pastor,19,Feminino,Mendes,2021-06-22
d1c830ad-f692-4aa3-97f7-ee1a953389b4,Dra. Bruna Mendes,18,Masculino,Teixeira das Flores,2022-04-01
6e61e87a-1178-4604-bd33-f5d79d25310e,Vitor Barbosa,39,Masculino,Leão de Sousa,2021-02-15
47eaf75b-9e40-412e-9e16-e8f1d985ba67,Gabrielly Nascimento,56,Masculino,Lima dos Dourados,2023-06-15
8a6febc6-b6db-4092-9100-fbd352ff9b4d,Fernando Rocha,45,Masculino,Sá da Serra,2020-09-22
864a52be-e474-4156-b9f1-6fea11089cc8,Pedro Lucas Rocha,64,Masculino,Albuquerque,2023-06-25
31ca6967-c519-4917-9d3f-be9b646b7954,Olivia Monteiro,25,Feminino,Montenegro,2023-08-16
ffbe2cb9-7931-4ab1-aa72-bf11d57c8f10,Gael Andrade,57,Feminino,Nogueira,2023-04-06
f547a3f8-799d-4a2e-a025-48f7388c2866,Diogo Freitas,60,Masculino,Borges,2021-05-20
5ff41113-0d81-40c5-83f2-fe4b096528fe,Lucas Gabriel Santos,32,Masculino,Porto de Sousa,2021-03-29
4230937b-757c-486e-b251-86aabbad9e04,Isabelly Cirino,68,Feminino,Porto,2024-01-20
a4bb660c-4a9f-4e0f-bee7-029127b23f5a,Luiza Nogueira,59,Feminino,das Neves,2022-06-25
adac3141-f181-4140-82ea-7acc28b0f321,Rafaela Pereira,66,Masculino,Martins de Gomes,2022-09-22
81e4bc9b-4b9b-4b6f-ad85-0f368c3b170c,Ana Liz Cavalcante,33,Masculino,da Mota do Sul,2024-01-05
cdc29661-3b97-40a7-be1e-e48a57200f71,Enzo Andrade,59,Feminino,Cavalcanti da Mata,2021-09-20
1bcff440-9c83-43ad-b960-9747fd2d6dfc,Raul Vargas,60,Masculino,Costela,2022-02-17
45d9d9cf-c014-49de-a254-d48664b63d34,Ravi Marques,60,Feminino,Sampaio,2022-06-26
0ac99acf-97d8-455c-b6b6-a205efcb3024,Isabelly Carvalho,52,Masculino,Campos,2023-08-30
2aef1924-e46d-4c72-8e11-eea930e3a3a3,Ian Campos,25,Feminino,Cunha,2021-08-12
54ddeba5-cecb-4ddc-a081-1f2a3eb4731e,Vitor Hugo Casa Grande,24,Feminino,Rios,2021-11-16
d61ea2fa-d16d-40bc-9887-e91eea703c64,Felipe Campos,19,Feminino,Silveira do Norte,2020-11-23
69518d13-4b56-48b4-9cb1-4ca5b09477bd,Ravi Lucca Pimenta,55,Masculino,Pastor,2022-09-12
43e63175-e351-4565-99c4-36faf6a9996d,Aurora Moraes,20,Feminino,das Neves da Praia,2020-08-30
04ca9d8d-a2e8-4c15-8a6f-96767e96d4c9,Dr. Murilo Andrade,59,Feminino,Moreira,2022-05-04
00c34b39-e234-4649-a319-7f398d78af88,Lívia Porto,29,Masculino,Melo,2022-03-04
47c6e242-3069-4eb9-9584-518599807696,Dr. Arthur Azevedo,28,Masculino,da Conceição,2020-10-10
c5d0f713-a69a-4989-acde-03074c488ba4,Carlos Eduardo Andrade,48,Masculino,da Conceição,2022-07-28
4ea512d5-1053-4c53-b0e7-8b986bc85ac9,Dr. Kevin Sales,37,Masculino,Novais,2023-04-16
d7256115-d1c5-4e75-9bce-59afc25e1ef9,Isaque Silva,52,Feminino,Garcia da Serra,2020-05-17
50e48479-cb78-4744-85c1-569b76c29b65,Ana Carolina Novais,46,Masculino,Pinto,2021-02-11
9c3b728b-739d-4bde-ae6d-f8270b7e38e9,Enzo Gabriel Moreira,35,Feminino,Farias,2020-01-05
3fa81b5b-4a25-4be8-b4a2-a8c9c8a48da6,Luiza Lima,29,Masculino,da Cunha,2021-01-23
c6b5d2e4-12c1-4cf8-81be-86bc0c86846c,Luiz Henrique Monteiro,32,Masculino,da Costa,2020-04-20
b10c977a-ff77-4082-b476-12ee1d07ecc4,Gabriel Câmara,63,Feminino,Fonseca Alegre,2023-11-14
5b76e81d-9540-4fa5-a1e3-9838e40d06b1,Matteo Vieira,45,Masculino,da Rocha de Campos,2024-01-06
ad0fad32-b6df-434e-8dbd-5e3a177f5dba,Lucas Vargas,62,Feminino,Borges de Silva,2024-02-02
fd02fb0f-38a7-4250-9ca4-a04ca16b6835,Dra. Heloisa Costa,45,Masculino,Costa de Vieira,2022-02-26
f9e7ac14-b249-4337-88a7-0da2e08936c9,Maria Isis Pinto,26,Feminino,Aragão,2020-06-11
4d8dc712-f3e4-4b9d-a673-790bea7742c5,Kevin Novais,65,Masculino,Brito da Mata,2021-07-15
1079ceae-7897-4a09-b3a5-cc29f0c13fd4,Ágatha Souza,65,Feminino,Vieira,2021-12-20
